[2026-08-07 15:42:57] apply_all_bindings called with: {}
[2026-08-07 15:43:00] on_click (press): Button.left (run_enabled=False)
[2026-08-07 15:43:00] on_click (release): Button.left
[2026-08-07 15:43:02] on_click (press): Button.left (run_enabled=False)
[2026-08-07 15:43:02] on_click (release): Button.left
[2026-08-07 15:43:05] on_click (press): Button.left (run_enabled=False)
[2026-08-07 15:43:05] on_click (release): Button.left
[2026-08-07 15:43:06] on_click (press): Button.left (run_enabled=False)
[2026-08-07 15:43:06] on_click (release): Button.left
[2026-08-07 15:43:08] on_click (press): Button.left (run_enabled=False)
[2026-08-07 15:43:08] on_click (release): Button.left
[2026-08-07 15:43:13] on_click (press): Button.left (run_enabled=False)
[2026-08-07 15:43:13] on_click (release): Button.left
[2026-08-07 15:43:15] on_click (press): Button.left (run_enabled=False)
[2026-08-07 15:43:15] on_click (release): Button.left
[2026-08-07 15:43:16] on_click (press): Button.left (run_enabled=False)
[2026-08-07 15:43:16] on_click (release): Button.left
[2026-08-07 15:43:16] on_click (press): Button.left (run_enabled=False)
[2026-08-07 15:43:17] on_click (release): Button.left
[2026-08-07 15:43:17] on_click (press): Button.left (run_enabled=False)
[2026-08-07 15:43:17] on_click (release): Button.left
[2026-08-07 15:43:19] on_click (press): Button.left (run_enabled=False)
[2026-08-07 15:43:19] on_click (release): Button.left
[2026-08-07 15:43:19] on_click (press): Button.left (run_enabled=False)
[2026-08-07 15:43:19] on_click (release): Button.left
[2026-08-07 15:43:19] on_click (press): Button.left (run_enabled=False)
[2026-08-07 15:43:19] on_click (release): Button.left
[2026-08-07 15:43:19] on_click (press): Button.left (run_enabled=False)
[2026-08-07 15:43:19] on_click (release): Button.left
[2026-08-07 15:43:20] on_click (press): Button.left (run_enabled=False)
[2026-08-07 15:43:20] on_click (release): Button.left
[2026-08-07 15:43:23] on_click (press): Button.left (run_enabled=False)
[2026-08-07 15:43:23] on_click (release): Button.left
[2026-08-07 15:43:24] on_click (press): Button.left (run_enabled=False)
[2026-08-07 15:43:24] on_click (release): Button.left
[2026-08-07 15:43:24] on_click (press): Button.left (run_enabled=False)
[2026-08-07 15:43:24] on_click (release): Button.left
[2026-08-07 15:43:25] on_click (press): Button.left (run_enabled=False)
[2026-08-07 15:43:25] on_click (release): Button.left
[2026-08-07 15:43:26] on_click (press): Button.left (run_enabled=False)
[2026-08-07 15:43:26] on_click (release): Button.left
[2026-08-07 15:43:27] on_click (press): Button.left (run_enabled=False)
[2026-08-07 15:43:27] on_click (release): Button.left
[2026-08-07 15:43:27] on_click (press): Button.left (run_enabled=False)
[2026-08-07 15:43:27] on_click (release): Button.left
[2026-08-07 15:43:27] on_click (press): Button.left (run_enabled=False)
[2026-08-07 15:43:28] on_click (release): Button.left
[2026-08-07 15:43:28] on_click (press): Button.left (run_enabled=False)
[2026-08-07 15:43:28] on_click (release): Button.left
[2026-08-07 15:43:28] on_click (press): Button.left (run_enabled=False)
[2026-08-07 15:43:28] on_click (release): Button.left
[2026-08-07 15:43:29] on_click (press): Button.left (run_enabled=False)
[2026-08-07 15:43:29] on_click (release): Button.left
[2026-08-07 15:43:29] on_click (press): Button.left (run_enabled=False)
[2026-08-07 15:43:29] on_click (release): Button.left
[2026-08-07 15:43:30] on_click (press): Button.left (run_enabled=False)
[2026-08-07 15:43:30] on_click (release): Button.left
[2026-08-07 15:43:30] on_click (press): Button.left (run_enabled=False)
[2026-08-07 15:43:31] on_click (release): Button.left
[2026-08-07 15:43:58] on_click (press): Button.left (run_enabled=False)
[2026-08-07 15:43:58] on_click (release): Button.left
[2026-08-07 15:43:59] on_click (press): Button.left (run_enabled=False)
[2026-08-07 15:43:59] on_click (release): Button.left
[2026-08-07 15:43:59] on_click (press): Button.left (run_enabled=False)
[2026-08-07 15:43:59] on_click (release): Button.left
[2026-08-07 15:44:00] on_click (press): Button.left (run_enabled=False)
[2026-08-07 15:44:00] on_click (release): Button.left
[2026-08-07 15:44:06] on_click (press): Button.left (run_enabled=False)
[2026-08-07 15:44:07] on_click (release): Button.left
[2026-08-07 15:44:08] on_press: Key.ctrl_l (run_enabled=False)
[2026-08-07 15:44:09] on_press: '\x03' (run_enabled=False)
[2026-08-07 15:44:09] on_release: '\x03'
[2026-08-07 15:44:09] on_release: Key.ctrl_l
[2026-08-07 15:44:09] on_press: Key.alt_l (run_enabled=False)
[2026-08-07 15:44:09] on_press: Key.tab (run_enabled=False)
[2026-08-07 15:44:09] on_release: Key.tab
[2026-08-07 15:44:11] on_click (press): Button.left (run_enabled=False)
[2026-08-07 15:44:11] on_click (release): Button.left
[2026-08-07 15:44:11] on_release: Key.alt_l
[2026-08-07 15:44:11] on_click (press): Button.left (run_enabled=False)
[2026-08-07 15:44:11] on_click (release): Button.left
[2026-08-07 15:44:11] on_press: Key.ctrl_l (run_enabled=False)
[2026-08-07 15:44:11] on_press: '\x16' (run_enabled=False)
[2026-08-07 15:44:12] on_release: '\x16'
[2026-08-07 15:44:12] on_release: Key.ctrl_l
[2026-08-07 15:44:12] on_press: Key.shift (run_enabled=False)
[2026-08-07 15:44:13] on_press: Key.enter (run_enabled=False)
[2026-08-07 15:44:13] on_release: Key.enter
[2026-08-07 15:44:13] on_release: Key.shift
[2026-08-07 15:44:13] on_press: 'l' (run_enabled=False)
[2026-08-07 15:44:13] on_release: 'l'
[2026-08-07 15:44:13] on_press: 'a' (run_enabled=False)
[2026-08-07 15:44:13] on_release: 'a'
[2026-08-07 15:44:13] on_press: 'm' (run_enabled=False)
[2026-08-07 15:44:13] on_release: 'm'
[2026-08-07 15:44:13] on_press: 'f' (run_enabled=False)
[2026-08-07 15:44:13] on_press: Key.shift (run_enabled=False)
[2026-08-07 15:44:13] on_press: Key.shift (run_enabled=False)
[2026-08-07 15:44:13] on_press: Key.left (run_enabled=False)
[2026-08-07 15:44:13] on_release: Key.left
[2026-08-07 15:44:13] on_release: Key.shift
[2026-08-07 15:44:13] on_release: Key.shift
[2026-08-07 15:44:13] on_press: Key.backspace (run_enabled=False)
[2026-08-07 15:44:13] on_release: Key.backspace
[2026-08-07 15:44:13] on_press: Key.backspace (run_enabled=False)
[2026-08-07 15:44:13] on_release: Key.backspace
[2026-08-07 15:44:13] on_press: 'a' (run_enabled=False)
[2026-08-07 15:44:13] on_release: 'a'
[2026-08-07 15:44:13] on_press: '̀' (run_enabled=False)
[2026-08-07 15:44:13] on_release: '̀'
[2026-08-07 15:44:13] on_press: 'm' (run_enabled=False)
[2026-08-07 15:44:13] on_release: 'm'
[2026-08-07 15:44:13] on_release: 'f'
[2026-08-07 15:44:13] on_press: Key.space (run_enabled=False)
[2026-08-07 15:44:13] on_release: Key.space
[2026-08-07 15:44:13] on_press: 't' (run_enabled=False)
[2026-08-07 15:44:14] on_release: 't'
[2026-08-07 15:44:14] on_press: 'h' (run_enabled=False)
[2026-08-07 15:44:14] on_release: 'h'
[2026-08-07 15:44:14] on_press: 'e' (run_enabled=False)
[2026-08-07 15:44:14] on_release: 'e'
[2026-08-07 15:44:14] on_press: 'e' (run_enabled=False)
[2026-08-07 15:44:14] on_press: Key.shift (run_enabled=False)
[2026-08-07 15:44:14] on_press: Key.shift (run_enabled=False)
[2026-08-07 15:44:14] on_press: Key.left (run_enabled=False)
[2026-08-07 15:44:14] on_release: Key.left
[2026-08-07 15:44:14] on_release: Key.shift
[2026-08-07 15:44:14] on_release: Key.shift
[2026-08-07 15:44:14] on_press: Key.backspace (run_enabled=False)
[2026-08-07 15:44:14] on_release: Key.backspace
[2026-08-07 15:44:14] on_press: 'ê' (run_enabled=False)
[2026-08-07 15:44:14] on_release: 'ê'
[2026-08-07 15:44:14] on_release: 'e'
[2026-08-07 15:44:14] on_press: 's' (run_enabled=False)
[2026-08-07 15:44:14] on_press: Key.shift (run_enabled=False)
[2026-08-07 15:44:14] on_press: Key.shift (run_enabled=False)
[2026-08-07 15:44:14] on_press: Key.left (run_enabled=False)
[2026-08-07 15:44:14] on_release: Key.left
[2026-08-07 15:44:14] on_release: Key.shift
[2026-08-07 15:44:14] on_release: Key.shift
[2026-08-07 15:44:14] on_press: Key.backspace (run_enabled=False)
[2026-08-07 15:44:14] on_release: Key.backspace
[2026-08-07 15:44:14] on_press: 'ê' (run_enabled=False)
[2026-08-07 15:44:14] on_release: 'ê'
[2026-08-07 15:44:14] on_press: '́' (run_enabled=False)
[2026-08-07 15:44:14] on_release: '́'
[2026-08-07 15:44:14] on_release: 's'
[2026-08-07 15:44:14] on_press: Key.space (run_enabled=False)
[2026-08-07 15:44:14] on_release: Key.space
[2026-08-07 15:44:14] on_press: 'n' (run_enabled=False)
[2026-08-07 15:44:14] on_release: 'n'
[2026-08-07 15:44:14] on_press: 'a' (run_enabled=False)
[2026-08-07 15:44:14] on_release: 'a'
[2026-08-07 15:44:14] on_press: 'o' (run_enabled=False)
[2026-08-07 15:44:14] on_release: 'o'
[2026-08-07 15:44:14] on_press: 'f' (run_enabled=False)
[2026-08-07 15:44:14] on_press: Key.shift (run_enabled=False)
[2026-08-07 15:44:14] on_press: Key.shift (run_enabled=False)
[2026-08-07 15:44:14] on_press: Key.left (run_enabled=False)
[2026-08-07 15:44:14] on_release: Key.left
[2026-08-07 15:44:14] on_release: Key.shift
[2026-08-07 15:44:14] on_release: Key.shift
[2026-08-07 15:44:14] on_press: Key.backspace (run_enabled=False)
[2026-08-07 15:44:14] on_release: Key.backspace
[2026-08-07 15:44:14] on_press: Key.backspace (run_enabled=False)
[2026-08-07 15:44:14] on_release: Key.backspace
[2026-08-07 15:44:14] on_press: 'a' (run_enabled=False)
[2026-08-07 15:44:14] on_release: 'a'
[2026-08-07 15:44:14] on_press: '̀' (run_enabled=False)
[2026-08-07 15:44:14] on_release: '̀'
[2026-08-07 15:44:14] on_press: 'o' (run_enabled=False)
[2026-08-07 15:44:14] on_release: 'o'
[2026-08-07 15:44:15] on_release: 'f'
[2026-08-07 15:44:15] on_press: Key.space (run_enabled=False)
[2026-08-07 15:44:15] on_release: Key.space
[2026-08-07 15:44:15] on_press: 'd' (run_enabled=False)
[2026-08-07 15:44:15] on_release: 'd'
[2026-08-07 15:44:15] on_press: 'd' (run_enabled=False)
[2026-08-07 15:44:15] on_press: Key.shift (run_enabled=False)
[2026-08-07 15:44:15] on_press: Key.shift (run_enabled=False)
[2026-08-07 15:44:15] on_press: Key.left (run_enabled=False)
[2026-08-07 15:44:15] on_release: Key.left
[2026-08-07 15:44:15] on_release: Key.shift
[2026-08-07 15:44:15] on_release: Key.shift
[2026-08-07 15:44:15] on_press: Key.backspace (run_enabled=False)
[2026-08-07 15:44:15] on_release: Key.backspace
[2026-08-07 15:44:15] on_press: 'đ' (run_enabled=False)
[2026-08-07 15:44:15] on_release: 'đ'
[2026-08-07 15:44:15] on_release: 'd'
[2026-08-07 15:44:15] on_press: 'e' (run_enabled=False)
[2026-08-07 15:44:15] on_release: 'e'
[2026-08-07 15:44:15] on_press: 'e' (run_enabled=False)
[2026-08-07 15:44:15] on_press: Key.shift (run_enabled=False)
[2026-08-07 15:44:15] on_press: Key.shift (run_enabled=False)
[2026-08-07 15:44:15] on_press: Key.left (run_enabled=False)
[2026-08-07 15:44:15] on_release: Key.left
[2026-08-07 15:44:15] on_release: Key.shift
[2026-08-07 15:44:15] on_release: Key.shift
[2026-08-07 15:44:15] on_press: Key.backspace (run_enabled=False)
[2026-08-07 15:44:15] on_release: Key.backspace
[2026-08-07 15:44:15] on_press: 'ê' (run_enabled=False)
[2026-08-07 15:44:15] on_release: 'ê'
[2026-08-07 15:44:15] on_release: 'e'
[2026-08-07 15:44:15] on_press: 'r' (run_enabled=False)
[2026-08-07 15:44:15] on_press: Key.shift (run_enabled=False)
[2026-08-07 15:44:15] on_press: Key.shift (run_enabled=False)
[2026-08-07 15:44:15] on_press: Key.left (run_enabled=False)
[2026-08-07 15:44:15] on_release: Key.left
[2026-08-07 15:44:15] on_release: Key.shift
[2026-08-07 15:44:15] on_release: Key.shift
[2026-08-07 15:44:15] on_press: Key.backspace (run_enabled=False)
[2026-08-07 15:44:15] on_release: Key.backspace
[2026-08-07 15:44:15] on_press: 'ê' (run_enabled=False)
[2026-08-07 15:44:15] on_release: 'ê'
[2026-08-07 15:44:15] on_press: '̉' (run_enabled=False)
[2026-08-07 15:44:15] on_release: '̉'
[2026-08-07 15:44:15] on_release: 'r'
[2026-08-07 15:44:15] on_press: Key.space (run_enabled=False)
[2026-08-07 15:44:15] on_release: Key.space
[2026-08-07 15:44:15] on_press: 't' (run_enabled=False)
[2026-08-07 15:44:15] on_release: 't'
[2026-08-07 15:44:16] on_press: 'o' (run_enabled=False)
[2026-08-07 15:44:16] on_release: 'o'
[2026-08-07 15:44:16] on_press: 'o' (run_enabled=False)
[2026-08-07 15:44:16] on_press: Key.shift (run_enabled=False)
[2026-08-07 15:44:16] on_press: Key.shift (run_enabled=False)
[2026-08-07 15:44:16] on_press: Key.left (run_enabled=False)
[2026-08-07 15:44:16] on_release: Key.left
[2026-08-07 15:44:16] on_release: Key.shift
[2026-08-07 15:44:16] on_release: Key.shift
[2026-08-07 15:44:16] on_press: Key.backspace (run_enabled=False)
[2026-08-07 15:44:16] on_release: Key.backspace
[2026-08-07 15:44:16] on_press: 'ô' (run_enabled=False)
[2026-08-07 15:44:16] on_release: 'ô'
[2026-08-07 15:44:16] on_press: 'i' (run_enabled=False)
[2026-08-07 15:44:16] on_release: 'o'
[2026-08-07 15:44:16] on_release: 'i'
[2026-08-07 15:44:16] on_press: Key.space (run_enabled=False)
[2026-08-07 15:44:16] on_release: Key.space
[2026-08-07 15:44:17] on_press: 'b' (run_enabled=False)
[2026-08-07 15:44:17] on_release: 'b'
[2026-08-07 15:44:17] on_press: 'i' (run_enabled=False)
[2026-08-07 15:44:17] on_release: 'i'
[2026-08-07 15:44:17] on_press: 'e' (run_enabled=False)
[2026-08-07 15:44:17] on_release: 'e'
[2026-08-07 15:44:17] on_press: 'e' (run_enabled=False)
[2026-08-07 15:44:17] on_press: Key.shift (run_enabled=False)
[2026-08-07 15:44:17] on_press: Key.shift (run_enabled=False)
[2026-08-07 15:44:17] on_press: Key.left (run_enabled=False)
[2026-08-07 15:44:17] on_release: Key.left
[2026-08-07 15:44:17] on_release: Key.shift
[2026-08-07 15:44:17] on_release: Key.shift
[2026-08-07 15:44:17] on_press: Key.backspace (run_enabled=False)
[2026-08-07 15:44:17] on_release: Key.backspace
[2026-08-07 15:44:17] on_press: 'ê' (run_enabled=False)
[2026-08-07 15:44:17] on_release: 'ê'
[2026-08-07 15:44:17] on_release: 'e'
[2026-08-07 15:44:17] on_press: 't' (run_enabled=False)
[2026-08-07 15:44:17] on_release: 't'
[2026-08-07 15:44:17] on_press: 'n' (run_enabled=False)
[2026-08-07 15:44:17] on_release: 'n'
[2026-08-07 15:44:18] on_press: Key.backspace (run_enabled=False)
[2026-08-07 15:44:18] on_release: Key.backspace
[2026-08-07 15:44:18] on_press: 't' (run_enabled=False)
[2026-08-07 15:44:18] on_release: 't'
[2026-08-07 15:44:18] on_press: 's' (run_enabled=False)
[2026-08-07 15:44:18] on_release: 's'
[2026-08-07 15:44:18] on_press: Key.backspace (run_enabled=False)
[2026-08-07 15:44:19] on_release: Key.backspace
[2026-08-07 15:44:19] on_press: Key.backspace (run_enabled=False)
[2026-08-07 15:44:19] on_release: Key.backspace
[2026-08-07 15:44:19] on_press: 's' (run_enabled=False)
[2026-08-07 15:44:19] on_press: Key.shift (run_enabled=False)
[2026-08-07 15:44:19] on_press: Key.shift (run_enabled=False)
[2026-08-07 15:44:19] on_press: Key.left (run_enabled=False)
[2026-08-07 15:44:19] on_release: Key.left
[2026-08-07 15:44:19] on_release: Key.shift
[2026-08-07 15:44:19] on_release: Key.shift
[2026-08-07 15:44:19] on_press: Key.backspace (run_enabled=False)
[2026-08-07 15:44:19] on_release: Key.backspace
[2026-08-07 15:44:19] on_press: Key.backspace (run_enabled=False)
[2026-08-07 15:44:19] on_release: Key.backspace
[2026-08-07 15:44:19] on_press: 'ê' (run_enabled=False)
[2026-08-07 15:44:19] on_release: 'ê'
[2026-08-07 15:44:19] on_press: '́' (run_enabled=False)
[2026-08-07 15:44:19] on_release: '́'
[2026-08-07 15:44:19] on_press: 't' (run_enabled=False)
[2026-08-07 15:44:19] on_release: 't'
[2026-08-07 15:44:19] on_release: 's'
[2026-08-07 15:44:19] on_press: Key.space (run_enabled=False)
[2026-08-07 15:44:19] on_release: Key.space
[2026-08-07 15:44:19] on_press: Key.shift (run_enabled=False)
[2026-08-07 15:44:20] on_release: Key.shift
[2026-08-07 15:44:20] on_press: 'u' (run_enabled=False)
[2026-08-07 15:44:20] on_release: 'u'
[2026-08-07 15:44:20] on_press: 'n' (run_enabled=False)
[2026-08-07 15:44:20] on_release: 'n'
[2026-08-07 15:44:20] on_press: 'l' (run_enabled=False)
[2026-08-07 15:44:20] on_release: 'l'
[2026-08-07 15:44:21] on_press: 'o' (run_enabled=False)
[2026-08-07 15:44:21] on_release: 'o'
[2026-08-07 15:44:21] on_press: 'c' (run_enabled=False)
[2026-08-07 15:44:21] on_release: 'c'
[2026-08-07 15:44:21] on_press: 'k' (run_enabled=False)
[2026-08-07 15:44:21] on_release: 'k'
[2026-08-07 15:44:21] on_press: 'e' (run_enabled=False)
[2026-08-07 15:44:21] on_press: 'r' (run_enabled=False)
[2026-08-07 15:44:21] on_release: 'e'
[2026-08-07 15:44:21] on_release: 'r'
[2026-08-07 15:44:22] on_press: Key.shift (run_enabled=False)
[2026-08-07 15:44:22] on_press: 'N' (run_enabled=False)
[2026-08-07 15:44:22] on_release: Key.shift
[2026-08-07 15:44:22] on_release: 'n'
[2026-08-07 15:44:22] on_press: 'a' (run_enabled=False)
[2026-08-07 15:44:22] on_release: 'a'
[2026-08-07 15:44:23] on_press: 't' (run_enabled=False)
[2026-08-07 15:44:23] on_release: 't'
[2026-08-07 15:44:23] on_press: 'i' (run_enabled=False)
[2026-08-07 15:44:23] on_release: 'i'
[2026-08-07 15:44:23] on_press: 'v' (run_enabled=False)
[2026-08-07 15:44:23] on_release: 'v'
[2026-08-07 15:44:23] on_press: 'e' (run_enabled=False)
[2026-08-07 15:44:23] on_release: 'e'
[2026-08-07 15:44:23] on_press: Key.space (run_enabled=False)
[2026-08-07 15:44:23] on_release: Key.space
[2026-08-07 15:44:23] on_press: 'k' (run_enabled=False)
[2026-08-07 15:44:24] on_release: 'k'
[2026-08-07 15:44:24] on_press: 'i' (run_enabled=False)
[2026-08-07 15:44:24] on_release: 'i'
[2026-08-07 15:44:24] on_press: 'a' (run_enabled=False)
[2026-08-07 15:44:24] on_release: 'a'
[2026-08-07 15:44:24] on_press: Key.space (run_enabled=False)
[2026-08-07 15:44:24] on_release: Key.space
[2026-08-07 15:44:25] on_press: 'l' (run_enabled=False)
[2026-08-07 15:44:25] on_press: 'a' (run_enabled=False)
[2026-08-07 15:44:25] on_release: 'l'
[2026-08-07 15:44:25] on_press: 'f' (run_enabled=False)
[2026-08-07 15:44:25] on_press: Key.shift (run_enabled=False)
[2026-08-07 15:44:25] on_press: Key.shift (run_enabled=False)
[2026-08-07 15:44:25] on_press: Key.left (run_enabled=False)
[2026-08-07 15:44:25] on_release: Key.left
[2026-08-07 15:44:25] on_release: Key.shift
[2026-08-07 15:44:25] on_release: Key.shift
[2026-08-07 15:44:25] on_press: Key.backspace (run_enabled=False)
[2026-08-07 15:44:25] on_release: Key.backspace
[2026-08-07 15:44:25] on_press: 'a' (run_enabled=False)
[2026-08-07 15:44:25] on_release: 'a'
[2026-08-07 15:44:25] on_press: '̀' (run_enabled=False)
[2026-08-07 15:44:25] on_release: '̀'
[2026-08-07 15:44:25] on_release: 'a'
[2026-08-07 15:44:25] on_release: 'f'
[2026-08-07 15:44:25] on_press: Key.space (run_enabled=False)
[2026-08-07 15:44:25] on_release: Key.space
[2026-08-07 15:44:25] on_press: 'o' (run_enabled=False)
[2026-08-07 15:44:25] on_press: 'w' (run_enabled=False)
[2026-08-07 15:44:25] on_press: Key.shift (run_enabled=False)
[2026-08-07 15:44:25] on_press: Key.shift (run_enabled=False)
[2026-08-07 15:44:25] on_press: Key.left (run_enabled=False)
[2026-08-07 15:44:25] on_release: Key.left
[2026-08-07 15:44:25] on_release: Key.shift
[2026-08-07 15:44:25] on_release: Key.shift
[2026-08-07 15:44:25] on_press: Key.backspace (run_enabled=False)
[2026-08-07 15:44:25] on_release: Key.backspace
[2026-08-07 15:44:25] on_press: 'ơ' (run_enabled=False)
[2026-08-07 15:44:25] on_release: 'ơ'
[2026-08-07 15:44:25] on_release: 'o'
[2026-08-07 15:44:25] on_press: 'r' (run_enabled=False)
[2026-08-07 15:44:25] on_press: Key.shift (run_enabled=False)
[2026-08-07 15:44:25] on_press: Key.shift (run_enabled=False)
[2026-08-07 15:44:25] on_press: Key.left (run_enabled=False)
[2026-08-07 15:44:25] on_release: Key.left
[2026-08-07 15:44:25] on_release: Key.shift
[2026-08-07 15:44:25] on_release: Key.shift
[2026-08-07 15:44:25] on_press: Key.backspace (run_enabled=False)
[2026-08-07 15:44:25] on_release: Key.backspace
[2026-08-07 15:44:25] on_press: 'ơ' (run_enabled=False)
[2026-08-07 15:44:25] on_release: 'ơ'
[2026-08-07 15:44:25] on_press: '̉' (run_enabled=False)
[2026-08-07 15:44:25] on_release: '̉'
[2026-08-07 15:44:25] on_release: 'w'
[2026-08-07 15:44:26] on_release: 'r'
[2026-08-07 15:44:26] on_press: Key.space (run_enabled=False)
[2026-08-07 15:44:26] on_release: Key.space
[2026-08-07 15:44:26] on_press: 'c' (run_enabled=False)
[2026-08-07 15:44:26] on_press: 'h' (run_enabled=False)
[2026-08-07 15:44:26] on_release: 'c'
[2026-08-07 15:44:26] on_release: 'h'
[2026-08-07 15:44:26] on_press: 'o' (run_enabled=False)
[2026-08-07 15:44:26] on_release: 'o'
[2026-08-07 15:44:26] on_press: 'o' (run_enabled=False)
[2026-08-07 15:44:26] on_press: Key.shift (run_enabled=False)
[2026-08-07 15:44:26] on_press: Key.shift (run_enabled=False)
[2026-08-07 15:44:26] on_press: Key.left (run_enabled=False)
[2026-08-07 15:44:26] on_release: Key.left
[2026-08-07 15:44:26] on_release: Key.shift
[2026-08-07 15:44:26] on_release: Key.shift
[2026-08-07 15:44:26] on_press: Key.backspace (run_enabled=False)
[2026-08-07 15:44:26] on_release: Key.backspace
[2026-08-07 15:44:26] on_press: 'ô' (run_enabled=False)
[2026-08-07 15:44:26] on_release: 'ô'
[2026-08-07 15:44:26] on_press: 'x' (run_enabled=False)
[2026-08-07 15:44:26] on_press: Key.shift (run_enabled=False)
[2026-08-07 15:44:26] on_press: Key.shift (run_enabled=False)
[2026-08-07 15:44:26] on_press: Key.left (run_enabled=False)
[2026-08-07 15:44:26] on_release: Key.left
[2026-08-07 15:44:26] on_release: Key.shift
[2026-08-07 15:44:26] on_release: Key.shift
[2026-08-07 15:44:26] on_press: Key.backspace (run_enabled=False)
[2026-08-07 15:44:26] on_release: Key.backspace
[2026-08-07 15:44:26] on_press: 'ô' (run_enabled=False)
[2026-08-07 15:44:26] on_release: 'ô'
[2026-08-07 15:44:26] on_press: '̃' (run_enabled=False)
[2026-08-07 15:44:26] on_release: '̃'
[2026-08-07 15:44:26] on_release: 'o'
[2026-08-07 15:44:26] on_release: 'x'
[2026-08-07 15:44:26] on_press: Key.space (run_enabled=False)
[2026-08-07 15:44:26] on_release: Key.space
[2026-08-07 15:44:26] on_press: 'n' (run_enabled=False)
[2026-08-07 15:44:27] on_release: 'n'
[2026-08-07 15:44:27] on_press: 'a' (run_enabled=False)
[2026-08-07 15:44:27] on_press: 'o' (run_enabled=False)
[2026-08-07 15:44:27] on_release: 'a'
[2026-08-07 15:44:27] on_release: 'o'
[2026-08-07 15:44:27] on_press: 'f' (run_enabled=False)
[2026-08-07 15:44:27] on_press: Key.shift (run_enabled=False)
[2026-08-07 15:44:27] on_press: Key.shift (run_enabled=False)
[2026-08-07 15:44:27] on_press: Key.left (run_enabled=False)
[2026-08-07 15:44:27] on_release: Key.left
[2026-08-07 15:44:27] on_release: Key.shift
[2026-08-07 15:44:27] on_release: Key.shift
[2026-08-07 15:44:27] on_press: Key.backspace (run_enabled=False)
[2026-08-07 15:44:27] on_release: Key.backspace
[2026-08-07 15:44:27] on_press: Key.backspace (run_enabled=False)
[2026-08-07 15:44:27] on_release: Key.backspace
[2026-08-07 15:44:27] on_press: 'a' (run_enabled=False)
[2026-08-07 15:44:27] on_release: 'a'
[2026-08-07 15:44:27] on_press: '̀' (run_enabled=False)
[2026-08-07 15:44:27] on_release: '̀'
[2026-08-07 15:44:27] on_press: 'o' (run_enabled=False)
[2026-08-07 15:44:27] on_release: 'o'
[2026-08-07 15:44:27] on_release: 'f'
[2026-08-07 15:44:27] on_press: Key.enter (run_enabled=False)
[2026-08-07 15:44:27] on_release: Key.enter
[2026-08-07 15:44:39] on_click (press): Button.left (run_enabled=False)
[2026-08-07 15:44:39] on_click (release): Button.left
[2026-08-07 15:44:39] on_press: Key.alt_l (run_enabled=False)
[2026-08-07 15:44:39] on_press: Key.tab (run_enabled=False)
[2026-08-07 15:44:39] on_release: Key.tab
[2026-08-07 15:44:39] on_release: Key.alt_l
[2026-08-07 15:44:41] on_press: Key.ctrl_l (run_enabled=False)
[2026-08-07 15:44:41] on_press: Key.shift (run_enabled=False)
[2026-08-07 15:44:41] on_press: '\x06' (run_enabled=False)
[2026-08-07 15:44:41] on_release: '\x06'
[2026-08-07 15:44:41] on_release: Key.ctrl_l
[2026-08-07 15:44:41] on_release: Key.shift
[2026-08-07 15:44:42] on_press: Key.ctrl_l (run_enabled=False)
[2026-08-07 15:44:42] on_press: '\x16' (run_enabled=False)
[2026-08-07 15:44:42] on_release: '\x16'
[2026-08-07 15:44:42] on_release: Key.ctrl_l
[2026-08-07 15:44:51] on_click (press): Button.left (run_enabled=False)
[2026-08-07 15:44:51] on_click (release): Button.left
[2026-08-07 15:44:53] on_click (press): Button.left (run_enabled=False)
[2026-08-07 15:44:53] on_click (release): Button.left
[2026-08-07 15:44:53] on_click (press): Button.left (run_enabled=False)
[2026-08-07 15:44:54] on_click (release): Button.left
[2026-08-07 15:44:55] on_click (press): Button.left (run_enabled=False)
[2026-08-07 15:44:55] on_click (release): Button.left
[2026-08-07 15:44:57] on_click (press): Button.left (run_enabled=False)
[2026-08-07 15:44:57] on_click (release): Button.left
[2026-08-07 15:44:58] on_click (press): Button.left (run_enabled=False)
[2026-08-07 15:44:58] on_click (release): Button.left
[2026-08-07 15:44:59] on_press: Key.ctrl_l (run_enabled=False)
[2026-08-07 15:44:59] on_press: '\x03' (run_enabled=False)
[2026-08-07 15:45:00] on_release: '\x03'
[2026-08-07 15:45:00] on_release: Key.ctrl_l
[2026-08-07 15:45:00] on_press: Key.alt_l (run_enabled=False)
[2026-08-07 15:45:00] on_press: Key.tab (run_enabled=False)
[2026-08-07 15:45:00] on_release: Key.alt_l
[2026-08-07 15:45:00] on_release: Key.tab
[2026-08-07 15:45:01] on_click (press): Button.left (run_enabled=False)
[2026-08-07 15:45:01] on_click (release): Button.left
[2026-08-07 15:45:02] on_press: Key.ctrl_l (run_enabled=False)
[2026-08-07 15:45:02] on_press: '\x16' (run_enabled=False)
[2026-08-07 15:45:02] on_release: '\x16'
[2026-08-07 15:45:02] on_release: Key.ctrl_l
[2026-08-07 15:45:04] on_press: Key.enter (run_enabled=False)
[2026-08-07 15:45:04] on_release: Key.enter
[2026-08-07 15:45:13] on_click (press): Button.left (run_enabled=False)
[2026-08-07 15:45:13] on_click (release): Button.left
[2026-08-07 15:45:13] on_click (press): Button.left (run_enabled=False)
[2026-08-07 15:45:13] on_click (release): Button.left
[2026-08-07 15:45:13] on_click (press): Button.left (run_enabled=False)
[2026-08-07 15:45:13] on_click (release): Button.left
[2026-08-07 15:45:14] on_click (press): Button.left (run_enabled=False)
[2026-08-07 15:45:14] on_click (release): Button.left
[2026-08-07 15:45:14] on_click (press): Button.left (run_enabled=False)
[2026-08-07 15:45:14] on_click (release): Button.left
[2026-08-07 15:45:14] on_click (press): Button.left (run_enabled=False)
[2026-08-07 15:45:14] on_click (release): Button.left
[2026-08-07 15:45:14] on_click (press): Button.left (run_enabled=False)
[2026-08-07 15:45:14] on_click (release): Button.left
[2026-08-07 15:45:15] on_click (press): Button.left (run_enabled=False)
[2026-08-07 15:45:15] on_click (release): Button.left
[2026-08-07 15:45:15] on_click (press): Button.left (run_enabled=False)
[2026-08-07 15:45:15] on_click (release): Button.left
[2026-08-07 15:45:15] on_click (press): Button.left (run_enabled=False)
[2026-08-07 15:45:16] on_click (release): Button.left
[2026-08-07 15:45:16] on_click (press): Button.left (run_enabled=False)
[2026-08-07 15:45:16] on_click (release): Button.left
[2026-08-07 15:45:16] on_click (press): Button.left (run_enabled=False)
[2026-08-07 15:45:16] on_click (release): Button.left
[2026-08-07 15:45:17] on_click (press): Button.left (run_enabled=False)
[2026-08-07 15:45:17] on_click (release): Button.left
[2026-08-07 15:45:17] on_click (press): Button.left (run_enabled=False)
[2026-08-07 15:45:17] on_click (release): Button.left
[2026-08-07 15:45:17] on_click (press): Button.left (run_enabled=False)
[2026-08-07 15:45:17] on_click (release): Button.left
[2026-08-07 15:45:17] on_click (press): Button.left (run_enabled=False)
[2026-08-07 15:45:17] on_click (release): Button.left
[2026-08-07 15:45:18] on_click (press): Button.left (run_enabled=False)
[2026-08-07 15:45:18] on_click (release): Button.left
[2026-08-07 15:45:18] on_click (press): Button.left (run_enabled=False)
[2026-08-07 15:45:18] on_click (release): Button.left
[2026-08-07 15:45:18] on_click (press): Button.left (run_enabled=False)
[2026-08-07 15:45:18] on_click (release): Button.left
[2026-08-07 15:45:18] on_click (press): Button.left (run_enabled=False)
[2026-08-07 15:45:18] on_click (release): Button.left
[2026-08-07 15:45:19] on_click (press): Button.left (run_enabled=False)
[2026-08-07 15:45:19] on_click (release): Button.left
[2026-08-07 15:45:22] on_click (press): Button.left (run_enabled=False)
[2026-08-07 15:45:22] on_click (release): Button.left
[2026-08-07 15:45:22] on_click (press): Button.left (run_enabled=False)
[2026-08-07 15:45:22] on_click (release): Button.left
[2026-08-07 15:45:22] on_click (press): Button.left (run_enabled=False)
[2026-08-07 15:45:22] on_click (release): Button.left
[2026-08-07 15:45:23] on_click (press): Button.left (run_enabled=False)
[2026-08-07 15:45:23] on_click (release): Button.left
[2026-08-07 15:45:33] on_click (press): Button.left (run_enabled=False)
[2026-08-07 15:45:33] on_click (release): Button.left
[2026-08-07 15:45:33] on_click (press): Button.left (run_enabled=False)
[2026-08-07 15:45:33] on_click (release): Button.left
[2026-08-07 15:45:33] on_click (press): Button.left (run_enabled=False)
[2026-08-07 15:45:33] on_click (release): Button.left
[2026-08-07 15:45:35] on_press: Key.ctrl_l (run_enabled=False)
[2026-08-07 15:45:35] on_press: '\x03' (run_enabled=False)
[2026-08-07 15:45:35] on_release: '\x03'
[2026-08-07 15:45:35] on_release: Key.ctrl_l
[2026-08-07 15:45:36] on_press: Key.alt_l (run_enabled=False)
[2026-08-07 15:45:36] on_press: Key.tab (run_enabled=False)
[2026-08-07 15:45:36] on_release: Key.tab
[2026-08-07 15:45:36] on_release: Key.alt_l
[2026-08-07 15:45:37] on_click (press): Button.left (run_enabled=False)
[2026-08-07 15:45:37] on_click (release): Button.left
[2026-08-07 15:45:37] on_press: Key.ctrl_l (run_enabled=False)
[2026-08-07 15:45:37] on_press: '\x01' (run_enabled=False)
[2026-08-07 15:45:37] on_release: '\x01'
[2026-08-07 15:45:37] on_press: '\x16' (run_enabled=False)
[2026-08-07 15:45:37] on_release: '\x16'
[2026-08-07 15:45:37] on_release: Key.ctrl_l
[2026-08-07 15:45:39] on_press: Key.alt_l (run_enabled=False)
[2026-08-07 15:45:39] on_press: Key.tab (run_enabled=False)
[2026-08-07 15:45:39] on_release: Key.tab
[2026-08-07 15:45:39] on_release: Key.alt_l
[2026-08-07 15:45:40] on_click (press): Button.left (run_enabled=False)
[2026-08-07 15:45:40] on_click (release): Button.left
[2026-08-07 15:45:40] on_click (press): Button.left (run_enabled=False)
[2026-08-07 15:45:40] on_click (release): Button.left
[2026-08-07 15:45:40] on_click (press): Button.left (run_enabled=False)
[2026-08-07 15:45:40] on_click (release): Button.left
[2026-08-07 15:45:40] on_press: Key.ctrl_l (run_enabled=False)
[2026-08-07 15:45:40] on_press: '\x03' (run_enabled=False)
[2026-08-07 15:45:41] on_release: '\x03'
[2026-08-07 15:45:41] on_release: Key.ctrl_l
[2026-08-07 15:45:41] on_press: Key.alt_l (run_enabled=False)
[2026-08-07 15:45:41] on_press: Key.tab (run_enabled=False)
[2026-08-07 15:45:41] on_release: Key.alt_l
[2026-08-07 15:45:41] on_release: Key.tab
[2026-08-07 15:45:41] on_press: Key.ctrl_l (run_enabled=False)
[2026-08-07 15:45:41] on_press: '\x01' (run_enabled=False)
[2026-08-07 15:45:42] on_release: '\x01'
[2026-08-07 15:45:42] on_press: '\x16' (run_enabled=False)
[2026-08-07 15:45:42] on_release: '\x16'
[2026-08-07 15:45:42] on_release: Key.ctrl_l
[2026-08-07 15:45:49] on_click (press): Button.left (run_enabled=False)
[2026-08-07 15:45:50] on_click (release): Button.left
[2026-08-07 15:45:55] on_press: Key.alt_l (run_enabled=False)
[2026-08-07 15:45:55] on_press: Key.tab (run_enabled=False)
[2026-08-07 15:45:55] on_release: Key.alt_l
[2026-08-07 15:45:55] on_release: Key.tab
[2026-08-07 15:45:58] on_press: Key.alt_l (run_enabled=False)
[2026-08-07 15:45:58] on_press: Key.tab (run_enabled=False)
[2026-08-07 15:45:58] on_release: Key.alt_l
[2026-08-07 15:45:58] on_release: Key.tab
[2026-08-07 15:46:00] on_click (press): Button.left (run_enabled=False)
[2026-08-07 15:46:01] on_click (release): Button.left
[2026-08-07 15:46:01] on_click (press): Button.left (run_enabled=False)
[2026-08-07 15:46:01] on_click (release): Button.left
[2026-08-07 15:46:03] on_click (press): Button.left (run_enabled=False)
[2026-08-07 15:46:03] on_click (release): Button.left
[2026-08-07 15:46:03] on_click (press): Button.left (run_enabled=False)
[2026-08-07 15:46:03] on_click (release): Button.left
[2026-08-07 15:46:04] on_click (press): Button.left (run_enabled=False)
[2026-08-07 15:46:04] on_click (release): Button.left
[2026-08-07 15:46:04] on_click (press): Button.left (run_enabled=False)
[2026-08-07 15:46:04] on_click (release): Button.left
[2026-08-07 15:46:04] on_click (press): Button.left (run_enabled=False)
[2026-08-07 15:46:04] on_click (release): Button.left
[2026-08-07 15:46:13] on_click (press): Button.left (run_enabled=False)
[2026-08-07 15:46:14] on_click (release): Button.left
[2026-08-07 15:46:15] on_press: Key.ctrl_l (run_enabled=False)
[2026-08-07 15:46:15] on_press: '\x16' (run_enabled=False)
[2026-08-07 15:46:15] on_release: '\x16'
[2026-08-07 15:46:15] on_release: Key.ctrl_l
[2026-08-07 15:46:16] on_press: Key.ctrl_l (run_enabled=False)
[2026-08-07 15:46:17] on_press: Key.ctrl_l (run_enabled=False)
[2026-08-07 15:46:17] on_press: '\x1a' (run_enabled=False)
[2026-08-07 15:46:17] on_release: '\x1a'
[2026-08-07 15:46:17] on_press: '\x06' (run_enabled=False)
[2026-08-07 15:46:17] on_release: '\x06'
[2026-08-07 15:46:17] on_release: Key.ctrl_l
[2026-08-07 15:46:19] on_click (press): Button.left (run_enabled=False)
[2026-08-07 15:46:19] on_click (release): Button.left
[2026-08-07 15:46:20] on_click (press): Button.left (run_enabled=False)
[2026-08-07 15:46:20] on_click (release): Button.left
[2026-08-07 15:46:20] on_click (press): Button.left (run_enabled=False)
[2026-08-07 15:46:20] on_click (release): Button.left
[2026-08-07 15:46:21] on_click (press): Button.left (run_enabled=False)
[2026-08-07 15:46:21] on_click (release): Button.left
[2026-08-07 15:46:21] on_click (press): Button.left (run_enabled=False)
[2026-08-07 15:46:21] on_click (release): Button.left
[2026-08-07 15:46:23] on_click (press): Button.left (run_enabled=False)
[2026-08-07 15:46:23] on_click (release): Button.left
[2026-08-07 15:46:23] on_click (press): Button.left (run_enabled=False)
[2026-08-07 15:46:23] on_click (release): Button.left
[2026-08-07 15:46:28] on_click (press): Button.left (run_enabled=False)
[2026-08-07 15:46:30] on_click (release): Button.left
[2026-08-07 15:46:32] on_click (press): Button.left (run_enabled=False)
[2026-08-07 15:46:36] on_click (release): Button.left
[2026-08-07 15:46:38] on_click (press): Button.left (run_enabled=False)
[2026-08-07 15:46:39] on_click (release): Button.left
[2026-08-07 15:46:39] on_press: Key.ctrl_l (run_enabled=False)
[2026-08-07 15:46:39] on_press: '\x03' (run_enabled=False)
[2026-08-07 15:46:39] on_release: '\x03'
[2026-08-07 15:46:40] on_release: Key.ctrl_l
[2026-08-07 15:46:40] on_press: Key.alt_l (run_enabled=False)
[2026-08-07 15:46:40] on_press: Key.tab (run_enabled=False)
[2026-08-07 15:46:40] on_release: Key.alt_l
[2026-08-07 15:46:40] on_release: Key.tab
[2026-08-07 15:46:40] on_click (press): Button.left (run_enabled=False)
[2026-08-07 15:46:40] on_click (release): Button.left
[2026-08-07 15:46:41] on_click (press): Button.left (run_enabled=False)
[2026-08-07 15:46:41] on_click (release): Button.left
[2026-08-07 15:46:41] on_press: Key.ctrl_l (run_enabled=False)
[2026-08-07 15:46:41] on_press: '\x16' (run_enabled=False)
[2026-08-07 15:46:41] on_release: Key.ctrl_l
[2026-08-07 15:46:41] on_release: 'v'
[2026-08-07 15:46:42] on_press: Key.enter (run_enabled=False)
[2026-08-07 15:46:42] on_release: Key.enter
[2026-08-07 15:46:49] on_click (press): Button.left (run_enabled=False)
[2026-08-07 15:46:49] on_click (release): Button.left
[2026-08-07 15:46:50] on_click (press): Button.left (run_enabled=False)
[2026-08-07 15:46:50] on_click (release): Button.left
[2026-08-07 15:46:50] on_click (press): Button.left (run_enabled=False)
[2026-08-07 15:46:50] on_click (release): Button.left
[2026-08-07 15:46:51] on_press: Key.ctrl_l (run_enabled=False)
[2026-08-07 15:46:51] on_press: '\x03' (run_enabled=False)
[2026-08-07 15:46:51] on_release: '\x03'
[2026-08-07 15:46:51] on_release: Key.ctrl_l
[2026-08-07 15:46:52] on_press: Key.alt_l (run_enabled=False)
[2026-08-07 15:46:52] on_press: Key.tab (run_enabled=False)
[2026-08-07 15:46:52] on_release: Key.alt_l
[2026-08-07 15:46:52] on_release: Key.tab
[2026-08-07 15:46:52] on_click (press): Button.left (run_enabled=False)
[2026-08-07 15:46:52] on_click (release): Button.left
[2026-08-07 15:46:53] on_press: Key.ctrl_l (run_enabled=False)
[2026-08-07 15:46:53] on_press: '\x01' (run_enabled=False)
[2026-08-07 15:46:53] on_release: '\x01'
[2026-08-07 15:46:53] on_press: '\x16' (run_enabled=False)
[2026-08-07 15:46:53] on_release: '\x16'
[2026-08-07 15:46:53] on_release: Key.ctrl_l
[2026-08-07 15:46:54] on_click (press): Button.left (run_enabled=False)
[2026-08-07 15:46:54] on_click (release): Button.left
[2026-08-07 15:46:57] on_click (press): Button.left (run_enabled=False)
[2026-08-07 15:46:57] on_click (release): Button.left
[2026-08-07 15:46:58] on_click (press): Button.left (run_enabled=False)
[2026-08-07 15:46:58] on_click (release): Button.left
[2026-08-07 15:47:00] on_click (press): Button.left (run_enabled=False)
[2026-08-07 15:47:02] on_click (release): Button.left
[2026-08-07 15:47:02] on_press: Key.ctrl_l (run_enabled=False)
[2026-08-07 15:47:02] on_press: '\x03' (run_enabled=False)
[2026-08-07 15:47:02] on_release: '\x03'
[2026-08-07 15:47:02] on_release: Key.ctrl_l
[2026-08-07 15:47:02] on_press: Key.alt_l (run_enabled=False)
[2026-08-07 15:47:02] on_press: Key.tab (run_enabled=False)
[2026-08-07 15:47:02] on_release: Key.alt_l
[2026-08-07 15:47:02] on_release: Key.tab
[2026-08-07 15:47:03] on_click (press): Button.left (run_enabled=False)
[2026-08-07 15:47:03] on_click (release): Button.left
[2026-08-07 15:47:03] on_press: Key.ctrl_l (run_enabled=False)
[2026-08-07 15:47:03] on_press: '\x16' (run_enabled=False)
[2026-08-07 15:47:03] on_release: Key.ctrl_l
[2026-08-07 15:47:03] on_release: 'v'
[2026-08-07 15:47:04] on_press: Key.enter (run_enabled=False)
[2026-08-07 15:47:04] on_release: Key.enter
[2026-08-07 15:47:30] on_click (press): Button.left (run_enabled=False)
[2026-08-07 15:47:31] on_click (release): Button.left
[2026-08-07 15:47:31] on_press: Key.ctrl_l (run_enabled=False)
[2026-08-07 15:47:31] on_press: '\x03' (run_enabled=False)
[2026-08-07 15:47:31] on_release: '\x03'
[2026-08-07 15:47:31] on_release: Key.ctrl_l
[2026-08-07 15:47:32] on_press: Key.alt_l (run_enabled=False)
[2026-08-07 15:47:32] on_press: Key.tab (run_enabled=False)
[2026-08-07 15:47:32] on_release: Key.alt_l
[2026-08-07 15:47:32] on_release: Key.tab
[2026-08-07 15:47:33] on_press: Key.alt_l (run_enabled=False)
[2026-08-07 15:47:33] on_press: Key.tab (run_enabled=False)
[2026-08-07 15:47:33] on_release: Key.alt_l
[2026-08-07 15:47:33] on_release: Key.tab
[2026-08-07 15:47:38] on_press: Key.alt_l (run_enabled=False)
[2026-08-07 15:47:38] on_press: Key.tab (run_enabled=False)
[2026-08-07 15:47:38] on_release: Key.tab
[2026-08-07 15:47:38] on_release: Key.alt_l
[2026-08-07 15:47:41] on_click (press): Button.left (run_enabled=False)
[2026-08-07 15:47:41] on_click (release): Button.left
[2026-08-07 15:47:42] on_click (press): Button.left (run_enabled=False)
[2026-08-07 15:47:42] on_click (release): Button.left
[2026-08-07 15:47:43] on_click (press): Button.left (run_enabled=False)
[2026-08-07 15:47:43] on_click (release): Button.left
[2026-08-07 15:47:44] on_click (press): Button.left (run_enabled=False)
[2026-08-07 15:47:44] on_click (release): Button.left
[2026-08-07 15:47:49] on_click (press): Button.left (run_enabled=False)
[2026-08-07 15:47:49] on_click (release): Button.left
[2026-08-07 15:47:51] on_click (press): Button.left (run_enabled=False)
[2026-08-07 15:47:52] on_click (release): Button.left
[2026-08-07 15:47:53] on_click (press): Button.left (run_enabled=False)
[2026-08-07 15:47:53] on_click (release): Button.left
[2026-08-07 15:48:02] on_click (press): Button.left (run_enabled=False)
[2026-08-07 15:48:02] on_click (release): Button.left
[2026-08-07 15:48:12] on_click (press): Button.left (run_enabled=False)
[2026-08-07 15:48:13] on_click (release): Button.left
[2026-08-07 15:48:13] on_press: Key.ctrl_l (run_enabled=False)
[2026-08-07 15:48:13] on_press: '\x16' (run_enabled=False)
[2026-08-07 15:48:13] on_release: '\x16'
[2026-08-07 15:48:14] on_release: Key.ctrl_l
[2026-08-07 15:48:17] on_click (press): Button.left (run_enabled=False)
[2026-08-07 15:48:17] on_click (release): Button.left
[2026-08-07 15:48:18] on_click (press): Button.right (run_enabled=False)
[2026-08-07 15:48:18] on_click (release): Button.right
[2026-08-07 15:48:20] on_click (press): Button.left (run_enabled=False)
[2026-08-07 15:48:20] on_click (release): Button.left
[2026-08-07 15:48:22] on_click (press): Button.left (run_enabled=False)
[2026-08-07 15:48:22] on_click (release): Button.left
[2026-08-07 15:48:23] on_click (press): Button.left (run_enabled=False)
[2026-08-07 15:48:23] on_click (release): Button.left
[2026-08-07 15:48:23] on_click (press): Button.left (run_enabled=False)
[2026-08-07 15:48:23] on_click (release): Button.left
[2026-08-07 15:48:24] on_press: Key.ctrl_l (run_enabled=False)
[2026-08-07 15:48:25] on_press: '\x13' (run_enabled=False)
[2026-08-07 15:48:25] on_release: '\x13'
[2026-08-07 15:48:25] on_release: Key.ctrl_l
[2026-08-07 15:48:25] on_press: Key.alt_l (run_enabled=False)
[2026-08-07 15:48:25] on_press: Key.tab (run_enabled=False)
[2026-08-07 15:48:25] on_release: Key.alt_l
[2026-08-07 15:48:25] on_release: Key.tab
[2026-08-07 15:48:26] on_click (press): Button.left (run_enabled=False)
[2026-08-07 15:48:26] on_click (release): Button.left
[2026-08-07 15:48:28] on_press: Key.alt_l (run_enabled=False)
[2026-08-07 15:48:28] on_press: Key.tab (run_enabled=False)
[2026-08-07 15:48:28] on_release: Key.tab
[2026-08-07 15:48:28] on_release: Key.alt_l
[2026-08-07 15:48:30] on_click (press): Button.left (run_enabled=False)
[2026-08-07 15:48:30] on_click (release): Button.left
[2026-08-07 15:48:34] apply_all_bindings called with: {}
[2026-08-07 15:48:35] on_click (press): Button.left (run_enabled=False)
[2026-08-07 15:48:35] on_click (release): Button.left
[2026-08-07 15:48:36] on_click (press): Button.left (run_enabled=False)
[2026-08-07 15:48:36] on_click (release): Button.left
[2026-08-07 15:48:39] on_click (press): Button.left (run_enabled=False)
[2026-08-07 15:48:39] on_click (release): Button.left
[2026-08-07 15:48:41] on_click (press): Button.right (run_enabled=False)
[2026-08-07 15:48:41] on_click (release): Button.right
[2026-08-07 15:48:42] on_click (press): Button.left (run_enabled=False)
[2026-08-07 15:48:42] on_click (release): Button.left
[2026-08-07 15:48:43] on_click (press): Button.left (run_enabled=False)
[2026-08-07 15:48:43] on_click (release): Button.left
[2026-08-07 15:48:44] on_click (press): Button.left (run_enabled=False)
[2026-08-07 15:48:44] on_click (release): Button.left
[2026-08-07 15:48:44] on_press: Key.ctrl_l (run_enabled=False)
[2026-08-07 15:48:44] on_press: '\x06' (run_enabled=False)
[2026-08-07 15:48:44] on_release: '\x06'
[2026-08-07 15:48:44] on_release: Key.ctrl_l
[2026-08-07 15:48:44] on_press: 'g' (run_enabled=False)
[2026-08-07 15:48:44] on_press: 'e' (run_enabled=False)
[2026-08-07 15:48:45] on_release: 'g'
[2026-08-07 15:48:45] on_release: 'e'
[2026-08-07 15:48:46] on_press: 'n' (run_enabled=False)
[2026-08-07 15:48:46] on_release: 'n'
[2026-08-07 15:48:47] on_click (press): Button.left (run_enabled=False)
[2026-08-07 15:48:47] on_click (release): Button.left
[2026-08-07 15:48:48] on_click (press): Button.left (run_enabled=False)
[2026-08-07 15:48:48] on_click (release): Button.left
[2026-08-07 15:48:51] on_click (press): Button.left (run_enabled=False)
[2026-08-07 15:48:51] on_click (release): Button.left
[2026-08-07 15:48:52] on_click (press): Button.left (run_enabled=False)
[2026-08-07 15:48:53] on_click (release): Button.left
[2026-08-07 15:48:53] on_click (press): Button.left (run_enabled=False)
[2026-08-07 15:48:53] on_click (release): Button.left
[2026-08-07 15:48:55] on_click (press): Button.left (run_enabled=False)
[2026-08-07 15:48:55] on_click (release): Button.left
[2026-08-07 15:48:56] on_press: Key.right (run_enabled=False)
[2026-08-07 15:48:56] on_release: Key.right
[2026-08-07 15:48:56] on_click (press): Button.left (run_enabled=False)
[2026-08-07 15:48:57] on_click (release): Button.left
[2026-08-07 15:49:11] on_click (press): Button.left (run_enabled=False)
[2026-08-07 15:49:12] on_click (release): Button.left
[2026-08-07 15:49:12] on_click (press): Button.left (run_enabled=False)
[2026-08-07 15:49:12] on_click (release): Button.left
[2026-08-07 15:49:13] on_click (press): Button.left (run_enabled=False)
[2026-08-07 15:49:13] on_click (release): Button.left
[2026-08-07 15:49:13] on_click (press): Button.left (run_enabled=False)
[2026-08-07 15:49:14] on_click (release): Button.left
[2026-08-07 15:49:15] on_click (press): Button.left (run_enabled=False)
[2026-08-07 15:49:15] on_click (release): Button.left
[2026-08-07 15:49:15] on_click (press): Button.right (run_enabled=False)
[2026-08-07 15:49:15] on_click (release): Button.right
[2026-08-07 15:49:16] on_click (press): Button.left (run_enabled=False)
[2026-08-07 15:49:16] on_click (release): Button.left
[2026-08-07 15:49:18] on_click (press): Button.left (run_enabled=False)
[2026-08-07 15:49:18] on_click (release): Button.left
[2026-08-07 15:49:18] on_press: Key.space (run_enabled=False)
[2026-08-07 15:49:18] on_release: Key.space
[2026-08-07 15:49:20] on_click (press): Button.left (run_enabled=False)
[2026-08-07 15:49:20] on_click (release): Button.left
[2026-08-07 15:49:23] on_click (press): Button.left (run_enabled=False)
[2026-08-07 15:49:23] on_click (release): Button.left
[2026-08-07 15:49:24] on_click (press): Button.left (run_enabled=False)
[2026-08-07 15:49:24] on_click (release): Button.left
[2026-08-07 15:49:24] on_click (press): Button.left (run_enabled=False)
[2026-08-07 15:49:24] on_click (release): Button.left
[2026-08-07 15:49:25] on_click (press): Button.left (run_enabled=False)
[2026-08-07 15:49:25] on_click (release): Button.left
[2026-08-07 15:49:25] on_click (press): Button.left (run_enabled=False)
[2026-08-07 15:49:25] on_click (release): Button.left
[2026-08-07 15:49:26] on_click (press): Button.left (run_enabled=False)
[2026-08-07 15:49:26] on_click (release): Button.left
[2026-08-07 15:49:27] on_click (press): Button.left (run_enabled=False)
[2026-08-07 15:49:27] on_click (release): Button.left
[2026-08-07 15:49:28] on_click (press): Button.left (run_enabled=False)
[2026-08-07 15:49:29] on_click (release): Button.left
[2026-08-07 15:49:29] on_click (press): Button.left (run_enabled=False)
[2026-08-07 15:49:30] on_click (release): Button.left
[2026-08-07 15:49:30] on_click (press): Button.left (run_enabled=False)
[2026-08-07 15:49:31] on_click (release): Button.left
[2026-08-07 15:49:33] on_click (press): Button.left (run_enabled=False)
[2026-08-07 15:49:33] on_click (release): Button.left
[2026-08-07 15:49:34] on_click (press): Button.right (run_enabled=False)
[2026-08-07 15:49:34] on_click (release): Button.right
[2026-08-07 15:49:34] on_click (press): Button.left (run_enabled=False)
[2026-08-07 15:49:35] on_click (release): Button.left
[2026-08-07 15:49:37] on_click (press): Button.left (run_enabled=False)
[2026-08-07 15:49:38] on_click (release): Button.left
[2026-08-07 15:49:39] on_click (press): Button.left (run_enabled=False)
[2026-08-07 15:49:39] on_click (release): Button.left
[2026-08-07 15:49:40] on_click (press): Button.left (run_enabled=False)
[2026-08-07 15:49:40] on_click (release): Button.left
[2026-08-07 15:49:40] on_press: Key.ctrl_l (run_enabled=False)
[2026-08-07 15:49:40] on_press: '\x06' (run_enabled=False)
[2026-08-07 15:49:40] on_release: '\x06'
[2026-08-07 15:49:40] on_release: Key.ctrl_l
[2026-08-07 15:49:41] on_press: 'g' (run_enabled=False)
[2026-08-07 15:49:41] on_press: 'e' (run_enabled=False)
[2026-08-07 15:49:41] on_release: 'g'
[2026-08-07 15:49:41] on_release: 'e'
[2026-08-07 15:49:42] on_press: 'n' (run_enabled=False)
[2026-08-07 15:49:42] on_release: 'n'
[2026-08-07 15:49:46] on_click (press): Button.left (run_enabled=False)
[2026-08-07 15:49:46] on_click (release): Button.left
[2026-08-07 15:49:47] on_click (press): Button.left (run_enabled=False)
[2026-08-07 15:49:47] on_click (release): Button.left
[2026-08-07 15:49:47] on_click (press): Button.left (run_enabled=False)
[2026-08-07 15:49:47] on_click (release): Button.left
[2026-08-07 15:49:48] on_click (press): Button.left (run_enabled=False)
[2026-08-07 15:49:48] on_click (release): Button.left
[2026-08-07 15:50:04] on_click (press): Button.left (run_enabled=False)
[2026-08-07 15:50:04] on_click (release): Button.left
[2026-08-07 15:50:04] on_click (press): Button.left (run_enabled=False)
[2026-08-07 15:50:05] on_click (release): Button.left
[2026-08-07 15:50:06] on_press: 'n' (run_enabled=False)
[2026-08-07 15:50:06] on_release: 'n'
[2026-08-07 15:50:06] on_press: 'o' (run_enabled=False)
[2026-08-07 15:50:07] on_press: 's' (run_enabled=False)
[2026-08-07 15:50:07] on_press: Key.shift (run_enabled=False)
[2026-08-07 15:50:07] on_press: Key.shift (run_enabled=False)
[2026-08-07 15:50:07] on_press: Key.left (run_enabled=False)
[2026-08-07 15:50:07] on_release: Key.left
[2026-08-07 15:50:07] on_release: Key.shift
[2026-08-07 15:50:07] on_release: Key.shift
[2026-08-07 15:50:07] on_press: Key.backspace (run_enabled=False)
[2026-08-07 15:50:07] on_release: Key.backspace
[2026-08-07 15:50:07] on_press: 'o' (run_enabled=False)
[2026-08-07 15:50:07] on_release: 'o'
[2026-08-07 15:50:07] on_press: '́' (run_enabled=False)
[2026-08-07 15:50:07] on_release: '́'
[2026-08-07 15:50:07] on_release: 'o'
[2026-08-07 15:50:07] on_release: 's'
[2026-08-07 15:50:07] on_press: Key.space (run_enabled=False)
[2026-08-07 15:50:07] on_release: Key.space
[2026-08-07 15:50:07] on_press: 'k' (run_enabled=False)
[2026-08-07 15:50:07] on_release: 'k'
[2026-08-07 15:50:07] on_press: 'i' (run_enabled=False)
[2026-08-07 15:50:08] on_release: 'i'
[2026-08-07 15:50:08] on_press: 'e' (run_enabled=False)
[2026-08-07 15:50:08] on_release: 'e'
[2026-08-07 15:50:08] on_press: 'e' (run_enabled=False)
[2026-08-07 15:50:08] on_press: Key.shift (run_enabled=False)
[2026-08-07 15:50:08] on_press: Key.shift (run_enabled=False)
[2026-08-07 15:50:08] on_press: Key.left (run_enabled=False)
[2026-08-07 15:50:08] on_release: Key.left
[2026-08-07 15:50:08] on_release: Key.shift
[2026-08-07 15:50:08] on_release: Key.shift
[2026-08-07 15:50:08] on_press: Key.backspace (run_enabled=False)
[2026-08-07 15:50:08] on_release: Key.backspace
[2026-08-07 15:50:08] on_press: 'ê' (run_enabled=False)
[2026-08-07 15:50:08] on_release: 'ê'
[2026-08-07 15:50:08] on_release: 'e'
[2026-08-07 15:50:08] on_press: 'u' (run_enabled=False)
[2026-08-07 15:50:08] on_release: 'u'
[2026-08-07 15:50:08] on_press: 'r' (run_enabled=False)
[2026-08-07 15:50:08] on_press: Key.shift (run_enabled=False)
[2026-08-07 15:50:08] on_press: Key.shift (run_enabled=False)
[2026-08-07 15:50:08] on_press: Key.left (run_enabled=False)
[2026-08-07 15:50:08] on_release: Key.left
[2026-08-07 15:50:08] on_release: Key.shift
[2026-08-07 15:50:08] on_release: Key.shift
[2026-08-07 15:50:08] on_press: Key.backspace (run_enabled=False)
[2026-08-07 15:50:08] on_release: Key.backspace
[2026-08-07 15:50:08] on_press: Key.backspace (run_enabled=False)
[2026-08-07 15:50:08] on_release: Key.backspace
[2026-08-07 15:50:08] on_press: 'ê' (run_enabled=False)
[2026-08-07 15:50:08] on_release: 'ê'
[2026-08-07 15:50:08] on_press: '̉' (run_enabled=False)
[2026-08-07 15:50:08] on_release: '̉'
[2026-08-07 15:50:08] on_press: 'u' (run_enabled=False)
[2026-08-07 15:50:08] on_release: 'u'
[2026-08-07 15:50:08] on_release: 'r'
[2026-08-07 15:50:08] on_press: Key.space (run_enabled=False)
[2026-08-07 15:50:08] on_release: Key.space
[2026-08-07 15:50:08] on_press: 'k' (run_enabled=False)
[2026-08-07 15:50:08] on_release: 'k'
[2026-08-07 15:50:09] on_press: 'h' (run_enabled=False)
[2026-08-07 15:50:09] on_release: 'h'
[2026-08-07 15:50:09] on_press: 'o' (run_enabled=False)
[2026-08-07 15:50:09] on_release: 'o'
[2026-08-07 15:50:09] on_press: 'o' (run_enabled=False)
[2026-08-07 15:50:09] on_press: Key.shift (run_enabled=False)
[2026-08-07 15:50:09] on_press: Key.shift (run_enabled=False)
[2026-08-07 15:50:09] on_press: Key.left (run_enabled=False)
[2026-08-07 15:50:09] on_release: Key.left
[2026-08-07 15:50:09] on_release: Key.shift
[2026-08-07 15:50:09] on_release: Key.shift
[2026-08-07 15:50:09] on_press: Key.backspace (run_enabled=False)
[2026-08-07 15:50:09] on_release: Key.backspace
[2026-08-07 15:50:09] on_press: 'ô' (run_enabled=False)
[2026-08-07 15:50:09] on_release: 'ô'
[2026-08-07 15:50:09] on_release: 'o'
[2026-08-07 15:50:09] on_press: 'n' (run_enabled=False)
[2026-08-07 15:50:09] on_press: 'g' (run_enabled=False)
[2026-08-07 15:50:09] on_release: 'n'
[2026-08-07 15:50:09] on_release: 'g'
[2026-08-07 15:50:09] on_press: Key.space (run_enabled=False)
[2026-08-07 15:50:09] on_release: Key.space
[2026-08-07 15:50:10] on_press: 'l' (run_enabled=False)
[2026-08-07 15:50:10] on_press: 'e' (run_enabled=False)
[2026-08-07 15:50:10] on_release: 'l'
[2026-08-07 15:50:10] on_release: 'e'
[2026-08-07 15:50:10] on_press: 'e' (run_enabled=False)
[2026-08-07 15:50:10] on_press: Key.shift (run_enabled=False)
[2026-08-07 15:50:10] on_press: Key.shift (run_enabled=False)
[2026-08-07 15:50:10] on_press: Key.left (run_enabled=False)
[2026-08-07 15:50:10] on_release: Key.left
[2026-08-07 15:50:10] on_release: Key.shift
[2026-08-07 15:50:10] on_release: Key.shift
[2026-08-07 15:50:10] on_press: Key.backspace (run_enabled=False)
[2026-08-07 15:50:10] on_release: Key.backspace
[2026-08-07 15:50:10] on_press: 'ê' (run_enabled=False)
[2026-08-07 15:50:10] on_release: 'ê'
[2026-08-07 15:50:10] on_press: 'n' (run_enabled=False)
[2026-08-07 15:50:10] on_release: 'e'
[2026-08-07 15:50:10] on_release: 'n'
[2026-08-07 15:50:10] on_press: Key.space (run_enabled=False)
[2026-08-07 15:50:10] on_press: 'a' (run_enabled=False)
[2026-08-07 15:50:10] on_release: Key.space
[2026-08-07 15:50:10] on_release: 'a'
[2026-08-07 15:50:10] on_press: 'a' (run_enabled=False)
[2026-08-07 15:50:10] on_press: Key.shift (run_enabled=False)
[2026-08-07 15:50:10] on_press: Key.shift (run_enabled=False)
[2026-08-07 15:50:10] on_press: Key.left (run_enabled=False)
[2026-08-07 15:50:10] on_release: Key.left
[2026-08-07 15:50:10] on_release: Key.shift
[2026-08-07 15:50:10] on_release: Key.shift
[2026-08-07 15:50:10] on_press: Key.backspace (run_enabled=False)
[2026-08-07 15:50:10] on_release: Key.backspace
[2026-08-07 15:50:10] on_press: 'â' (run_enabled=False)
[2026-08-07 15:50:10] on_release: 'â'
[2026-08-07 15:50:10] on_press: 'y' (run_enabled=False)
[2026-08-07 15:50:10] on_release: 'a'
[2026-08-07 15:50:10] on_release: 'y'
[2026-08-07 15:50:10] on_press: 's' (run_enabled=False)
[2026-08-07 15:50:10] on_press: Key.shift (run_enabled=False)
[2026-08-07 15:50:10] on_press: Key.shift (run_enabled=False)
[2026-08-07 15:50:10] on_press: Key.left (run_enabled=False)
[2026-08-07 15:50:10] on_release: Key.left
[2026-08-07 15:50:10] on_release: Key.shift
[2026-08-07 15:50:10] on_release: Key.shift
[2026-08-07 15:50:10] on_press: Key.backspace (run_enabled=False)
[2026-08-07 15:50:10] on_release: Key.backspace
[2026-08-07 15:50:10] on_press: Key.backspace (run_enabled=False)
[2026-08-07 15:50:10] on_release: Key.backspace
[2026-08-07 15:50:10] on_press: 'â' (run_enabled=False)
[2026-08-07 15:50:10] on_release: 'â'
[2026-08-07 15:50:10] on_press: '́' (run_enabled=False)
[2026-08-07 15:50:10] on_release: '́'
[2026-08-07 15:50:10] on_press: 'y' (run_enabled=False)
[2026-08-07 15:50:10] on_release: 'y'
[2026-08-07 15:50:10] on_release: 's'
[2026-08-07 15:50:10] on_press: Key.enter (run_enabled=False)
[2026-08-07 15:50:11] on_release: Key.enter
[2026-08-07 15:50:22] on_click (press): Button.left (run_enabled=False)
[2026-08-07 15:50:22] on_click (release): Button.left
[2026-08-07 15:50:42] on_click (press): Button.left (run_enabled=False)
[2026-08-07 15:50:48] on_click (release): Button.left
[2026-08-07 15:50:55] on_click (press): Button.left (run_enabled=False)
[2026-08-07 15:50:56] on_click (release): Button.left
[2026-08-07 15:50:57] on_press: Key.ctrl_l (run_enabled=False)
[2026-08-07 15:50:57] on_press: '\x16' (run_enabled=False)
[2026-08-07 15:50:57] on_release: '\x16'
[2026-08-07 15:50:57] on_release: Key.ctrl_l
[2026-08-07 15:51:00] on_click (press): Button.left (run_enabled=False)
[2026-08-07 15:51:00] on_click (release): Button.left
[2026-08-07 15:51:01] on_click (press): Button.left (run_enabled=False)
[2026-08-07 15:51:01] on_click (release): Button.left
[2026-08-07 15:51:02] on_click (press): Button.left (run_enabled=False)
[2026-08-07 15:51:02] on_click (release): Button.left
[2026-08-07 15:51:03] on_click (press): Button.left (run_enabled=False)
[2026-08-07 15:51:03] on_click (release): Button.left
[2026-08-07 15:51:04] on_click (press): Button.left (run_enabled=False)
[2026-08-07 15:51:04] on_click (release): Button.left
[2026-08-07 15:51:04] on_click (press): Button.left (run_enabled=False)
[2026-08-07 15:51:05] on_click (release): Button.left
[2026-08-07 15:51:06] on_click (press): Button.left (run_enabled=False)
[2026-08-07 15:51:06] on_click (release): Button.left
[2026-08-07 15:51:06] on_click (press): Button.left (run_enabled=False)
[2026-08-07 15:51:06] on_click (release): Button.left
[2026-08-07 15:51:07] on_click (press): Button.left (run_enabled=False)
[2026-08-07 15:51:07] on_click (release): Button.left
[2026-08-07 15:51:08] on_click (press): Button.left (run_enabled=False)
[2026-08-07 15:51:08] on_click (release): Button.left
[2026-08-07 15:51:08] on_click (press): Button.left (run_enabled=False)
[2026-08-07 15:51:09] on_click (release): Button.left
[2026-08-07 15:51:09] on_click (press): Button.right (run_enabled=False)
[2026-08-07 15:51:09] on_click (release): Button.right
[2026-08-07 15:51:09] on_click (press): Button.left (run_enabled=False)
[2026-08-07 15:51:09] on_click (release): Button.left
[2026-08-07 15:51:10] on_click (press): Button.left (run_enabled=False)
[2026-08-07 15:51:10] on_click (release): Button.left
[2026-08-07 15:51:10] on_press: Key.ctrl_l (run_enabled=False)
[2026-08-07 15:51:10] on_press: '\x03' (run_enabled=False)
[2026-08-07 15:51:10] on_release: '\x03'
[2026-08-07 15:51:10] on_release: Key.ctrl_l
[2026-08-07 15:51:14] on_click (press): Button.left (run_enabled=False)
[2026-08-07 15:51:15] on_click (release): Button.left
[2026-08-07 15:51:15] on_press: Key.ctrl_l (run_enabled=False)
[2026-08-07 15:51:16] on_press: '\x16' (run_enabled=False)
[2026-08-07 15:51:16] on_release: '\x16'
[2026-08-07 15:51:16] on_release: Key.ctrl_l
[2026-08-07 15:51:17] on_click (press): Button.left (run_enabled=False)
[2026-08-07 15:51:17] on_click (release): Button.left
[2026-08-07 15:51:17] on_click (press): Button.left (run_enabled=False)
[2026-08-07 15:51:17] on_click (release): Button.left
[2026-08-07 15:51:17] on_click (press): Button.left (run_enabled=False)
[2026-08-07 15:51:17] on_click (release): Button.left
[2026-08-07 15:51:17] on_press: Key.ctrl_l (run_enabled=False)
[2026-08-07 15:51:17] on_press: '\x03' (run_enabled=False)
[2026-08-07 15:51:18] on_release: '\x03'
[2026-08-07 15:51:18] on_release: Key.ctrl_l
[2026-08-07 15:51:18] on_press: Key.ctrl_l (run_enabled=False)
[2026-08-07 15:51:19] on_press: '\x18' (run_enabled=False)
[2026-08-07 15:51:19] on_release: '\x18'
[2026-08-07 15:51:19] on_release: Key.ctrl_l
[2026-08-07 15:51:19] on_press: Key.cmd (run_enabled=False)
[2026-08-07 15:51:19] on_release: Key.cmd
[2026-08-07 15:51:20] on_press: 'p' (run_enabled=False)
[2026-08-07 15:51:20] on_press: 'o' (run_enabled=False)
[2026-08-07 15:51:20] on_release: 'p'
[2026-08-07 15:51:20] on_release: 'o'
[2026-08-07 15:51:20] on_press: 'w' (run_enabled=False)
[2026-08-07 15:51:20] on_press: Key.backspace (run_enabled=False)
[2026-08-07 15:51:20] on_release: Key.backspace
[2026-08-07 15:51:20] on_press: 'ơ' (run_enabled=False)
[2026-08-07 15:51:20] on_release: 'ơ'
[2026-08-07 15:51:20] on_release: 'w'
[2026-08-07 15:51:21] on_press: 'w' (run_enabled=False)
[2026-08-07 15:51:21] on_press: Key.backspace (run_enabled=False)
[2026-08-07 15:51:21] on_release: Key.backspace
[2026-08-07 15:51:21] on_press: 'o' (run_enabled=False)
[2026-08-07 15:51:21] on_release: 'o'
[2026-08-07 15:51:21] on_press: 'w' (run_enabled=False)
[2026-08-07 15:51:21] on_release: 'w'
[2026-08-07 15:51:21] on_press: 'e' (run_enabled=False)
[2026-08-07 15:51:21] on_release: 'w'
[2026-08-07 15:51:21] on_release: 'e'
[2026-08-07 15:51:22] on_press: Key.right (run_enabled=False)
[2026-08-07 15:51:22] on_release: Key.right
[2026-08-07 15:51:22] on_press: Key.down (run_enabled=False)
[2026-08-07 15:51:22] on_release: Key.down
[2026-08-07 15:51:23] on_press: Key.enter (run_enabled=False)
[2026-08-07 15:51:23] on_release: Key.enter
[2026-08-07 15:51:25] on_click (press): Button.right (run_enabled=False)
[2026-08-07 15:51:25] on_click (release): Button.right
[2026-08-07 15:51:26] on_press: Key.enter (run_enabled=False)
[2026-08-07 15:51:26] on_release: Key.enter
[2026-08-07 15:51:28] on_click (press): Button.left (run_enabled=False)
[2026-08-07 15:51:28] on_click (release): Button.left
[2026-08-07 15:51:29] on_click (press): Button.left (run_enabled=False)
[2026-08-07 15:51:29] on_click (release): Button.left
[2026-08-07 15:51:50] on_click (press): Button.left (run_enabled=False)
[2026-08-07 15:51:50] on_click (release): Button.left
[2026-08-07 15:51:50] on_click (press): Button.left (run_enabled=False)
[2026-08-07 15:51:50] on_click (release): Button.left
[2026-08-07 15:51:50] on_click (press): Button.left (run_enabled=False)
[2026-08-07 15:51:50] on_click (release): Button.left
[2026-08-07 15:51:50] on_click (press): Button.left (run_enabled=False)
[2026-08-07 15:51:51] on_click (release): Button.left
[2026-08-07 15:51:51] on_click (press): Button.left (run_enabled=False)
[2026-08-07 15:51:51] on_click (release): Button.left
[2026-08-07 15:51:51] on_click (press): Button.left (run_enabled=False)
[2026-08-07 15:51:51] on_click (release): Button.left
[2026-08-07 15:51:51] on_click (press): Button.left (run_enabled=False)
[2026-08-07 15:51:51] on_click (release): Button.left
[2026-08-07 15:51:52] on_click (press): Button.left (run_enabled=False)
[2026-08-07 15:51:52] on_click (release): Button.left
[2026-08-07 15:51:53] on_click (press): Button.left (run_enabled=False)
[2026-08-07 15:51:53] on_click (release): Button.left
[2026-08-07 15:51:57] on_click (press): Button.left (run_enabled=False)
[2026-08-07 15:51:57] on_click (release): Button.left
[2026-08-07 15:51:58] on_click (press): Button.left (run_enabled=False)
[2026-08-07 15:51:58] on_click (release): Button.left
[2026-08-07 15:51:59] on_click (press): Button.left (run_enabled=False)
[2026-08-07 15:51:59] on_click (release): Button.left
[2026-08-07 15:52:00] on_press: Key.up (run_enabled=False)
[2026-08-07 15:52:00] on_release: Key.up
[2026-08-07 15:52:02] on_press: Key.ctrl_l (run_enabled=False)
[2026-08-07 15:52:02] on_press: '\x01' (run_enabled=False)
[2026-08-07 15:52:02] on_release: '\x01'
[2026-08-07 15:52:02] on_release: Key.ctrl_l
[2026-08-07 15:52:03] on_press: Key.ctrl_l (run_enabled=False)
[2026-08-07 15:52:03] on_press: '\x18' (run_enabled=False)
[2026-08-07 15:52:03] on_release: '\x18'
[2026-08-07 15:52:03] on_release: Key.ctrl_l
[2026-08-07 15:52:04] on_click (press): Button.left (run_enabled=False)
[2026-08-07 15:52:04] on_click (release): Button.left
[2026-08-07 15:52:04] on_press: Key.cmd (run_enabled=False)
[2026-08-07 15:52:04] on_release: Key.cmd
[2026-08-07 15:52:05] on_press: 'c' (run_enabled=False)
[2026-08-07 15:52:05] on_release: 'c'
[2026-08-07 15:52:05] on_press: 'm' (run_enabled=False)
[2026-08-07 15:52:05] on_release: 'm'
[2026-08-07 15:52:06] on_click (press): Button.left (run_enabled=False)
[2026-08-07 15:52:06] on_click (release): Button.left
[2026-08-07 15:52:07] on_click (press): Button.right (run_enabled=False)
[2026-08-07 15:52:07] on_click (release): Button.right
[2026-08-07 15:52:08] on_press: Key.enter (run_enabled=False)
[2026-08-07 15:52:08] on_release: Key.enter
[2026-08-07 15:52:09] on_click (press): Button.left (run_enabled=False)
[2026-08-07 15:52:09] on_click (release): Button.left
[2026-08-07 15:52:10] on_click (press): Button.left (run_enabled=False)
[2026-08-07 15:52:10] on_click (release): Button.left
[2026-08-07 15:52:11] on_click (press): Button.left (run_enabled=False)
[2026-08-07 15:52:11] on_click (release): Button.left
[2026-08-07 15:52:11] on_click (press): Button.left (run_enabled=False)
[2026-08-07 15:52:11] on_click (release): Button.left
[2026-08-07 15:52:11] on_click (press): Button.left (run_enabled=False)
[2026-08-07 15:52:11] on_click (release): Button.left
[2026-08-07 15:52:12] on_click (press): Button.left (run_enabled=False)
[2026-08-07 15:52:12] on_click (release): Button.left
[2026-08-07 15:52:14] on_press: 'l' (run_enabled=False)
[2026-08-07 15:52:14] on_release: 'l'
[2026-08-07 15:52:14] on_press: 'e' (run_enabled=False)
[2026-08-07 15:52:14] on_release: 'e'
[2026-08-07 15:52:14] on_press: 'e' (run_enabled=False)
[2026-08-07 15:52:14] on_press: Key.shift (run_enabled=False)
[2026-08-07 15:52:14] on_press: Key.shift (run_enabled=False)
[2026-08-07 15:52:14] on_press: Key.left (run_enabled=False)
[2026-08-07 15:52:14] on_release: Key.left
[2026-08-07 15:52:14] on_release: Key.shift
[2026-08-07 15:52:14] on_release: Key.shift
[2026-08-07 15:52:14] on_press: Key.backspace (run_enabled=False)
[2026-08-07 15:52:14] on_release: Key.backspace
[2026-08-07 15:52:14] on_press: 'ê' (run_enabled=False)
[2026-08-07 15:52:14] on_release: 'ê'
[2026-08-07 15:52:14] on_press: 'n' (run_enabled=False)
[2026-08-07 15:52:14] on_release: 'e'
[2026-08-07 15:52:14] on_release: 'n'
[2026-08-07 15:52:14] on_press: 'h' (run_enabled=False)
[2026-08-07 15:52:14] on_release: 'h'
[2026-08-07 15:52:14] on_press: 'j' (run_enabled=False)
[2026-08-07 15:52:14] on_press: Key.shift (run_enabled=False)
[2026-08-07 15:52:14] on_press: Key.shift (run_enabled=False)
[2026-08-07 15:52:14] on_press: Key.left (run_enabled=False)
[2026-08-07 15:52:14] on_release: Key.left
[2026-08-07 15:52:14] on_release: Key.shift
[2026-08-07 15:52:14] on_release: Key.shift
[2026-08-07 15:52:14] on_press: Key.backspace (run_enabled=False)
[2026-08-07 15:52:14] on_release: Key.backspace
[2026-08-07 15:52:14] on_press: Key.backspace (run_enabled=False)
[2026-08-07 15:52:14] on_release: Key.backspace
[2026-08-07 15:52:14] on_press: Key.backspace (run_enabled=False)
[2026-08-07 15:52:14] on_release: Key.backspace
[2026-08-07 15:52:14] on_press: 'ê' (run_enabled=False)
[2026-08-07 15:52:14] on_release: 'ê'
[2026-08-07 15:52:14] on_press: '̣' (run_enabled=False)
[2026-08-07 15:52:14] on_release: '̣'
[2026-08-07 15:52:14] on_press: 'n' (run_enabled=False)
[2026-08-07 15:52:14] on_release: 'n'
[2026-08-07 15:52:14] on_press: 'h' (run_enabled=False)
[2026-08-07 15:52:14] on_release: 'h'
[2026-08-07 15:52:14] on_release: 'j'
[2026-08-07 15:52:15] on_press: Key.space (run_enabled=False)
[2026-08-07 15:52:15] on_release: Key.space
[2026-08-07 15:52:15] on_press: 'n' (run_enabled=False)
[2026-08-07 15:52:15] on_release: 'n'
[2026-08-07 15:52:15] on_press: 'a' (run_enabled=False)
[2026-08-07 15:52:15] on_release: 'a'
[2026-08-07 15:52:15] on_press: 'y' (run_enabled=False)
[2026-08-07 15:52:15] on_release: 'y'
[2026-08-07 15:52:15] on_press: 'f' (run_enabled=False)
[2026-08-07 15:52:15] on_press: Key.shift (run_enabled=False)
[2026-08-07 15:52:15] on_press: Key.shift (run_enabled=False)
[2026-08-07 15:52:15] on_press: Key.left (run_enabled=False)
[2026-08-07 15:52:15] on_release: Key.left
[2026-08-07 15:52:15] on_release: Key.shift
[2026-08-07 15:52:15] on_release: Key.shift
[2026-08-07 15:52:15] on_press: Key.backspace (run_enabled=False)
[2026-08-07 15:52:15] on_release: Key.backspace
[2026-08-07 15:52:15] on_press: Key.backspace (run_enabled=False)
[2026-08-07 15:52:15] on_release: Key.backspace
[2026-08-07 15:52:15] on_press: 'a' (run_enabled=False)
[2026-08-07 15:52:15] on_release: 'a'
[2026-08-07 15:52:15] on_press: '̀' (run_enabled=False)
[2026-08-07 15:52:15] on_release: '̀'
[2026-08-07 15:52:15] on_press: 'y' (run_enabled=False)
[2026-08-07 15:52:15] on_release: 'y'
[2026-08-07 15:52:15] on_release: 'f'
[2026-08-07 15:52:15] on_press: Key.space (run_enabled=False)
[2026-08-07 15:52:15] on_release: Key.space
[2026-08-07 15:52:15] on_press: 't' (run_enabled=False)
[2026-08-07 15:52:15] on_release: 't'
[2026-08-07 15:52:16] on_press: 'h' (run_enabled=False)
[2026-08-07 15:52:16] on_release: 'h'
[2026-08-07 15:52:16] on_press: 'i' (run_enabled=False)
[2026-08-07 15:52:16] on_release: 'i'
[2026-08-07 15:52:16] on_press: 'e' (run_enabled=False)
[2026-08-07 15:52:16] on_release: 'e'
[2026-08-07 15:52:16] on_press: 'e' (run_enabled=False)
[2026-08-07 15:52:16] on_press: Key.shift (run_enabled=False)
[2026-08-07 15:52:16] on_press: Key.shift (run_enabled=False)
[2026-08-07 15:52:16] on_press: Key.left (run_enabled=False)
[2026-08-07 15:52:16] on_release: Key.left
[2026-08-07 15:52:16] on_release: Key.shift
[2026-08-07 15:52:16] on_release: Key.shift
[2026-08-07 15:52:16] on_press: Key.backspace (run_enabled=False)
[2026-08-07 15:52:16] on_release: Key.backspace
[2026-08-07 15:52:16] on_press: 'ê' (run_enabled=False)
[2026-08-07 15:52:16] on_release: 'ê'
[2026-08-07 15:52:16] on_release: 'e'
[2026-08-07 15:52:16] on_press: 'u' (run_enabled=False)
[2026-08-07 15:52:16] on_release: 'u'
[2026-08-07 15:52:16] on_press: 's' (run_enabled=False)
[2026-08-07 15:52:16] on_press: Key.shift (run_enabled=False)
[2026-08-07 15:52:16] on_press: Key.shift (run_enabled=False)
[2026-08-07 15:52:16] on_press: Key.left (run_enabled=False)
[2026-08-07 15:52:16] on_release: Key.left
[2026-08-07 15:52:16] on_release: Key.shift
[2026-08-07 15:52:16] on_release: Key.shift
[2026-08-07 15:52:16] on_press: Key.backspace (run_enabled=False)
[2026-08-07 15:52:16] on_release: Key.backspace
[2026-08-07 15:52:16] on_press: Key.backspace (run_enabled=False)
[2026-08-07 15:52:16] on_release: Key.backspace
[2026-08-07 15:52:16] on_press: 'ê' (run_enabled=False)
[2026-08-07 15:52:16] on_release: 'ê'
[2026-08-07 15:52:16] on_press: '́' (run_enabled=False)
[2026-08-07 15:52:16] on_release: '́'
[2026-08-07 15:52:16] on_press: 'u' (run_enabled=False)
[2026-08-07 15:52:16] on_release: 'u'
[2026-08-07 15:52:16] on_release: 's'
[2026-08-07 15:52:16] on_press: Key.space (run_enabled=False)
[2026-08-07 15:52:17] on_release: Key.space
[2026-08-07 15:52:17] on_press: 's' (run_enabled=False)
[2026-08-07 15:52:17] on_release: 's'
[2026-08-07 15:52:17] on_press: Key.backspace (run_enabled=False)
[2026-08-07 15:52:17] on_release: Key.backspace
[2026-08-07 15:52:17] on_press: 't' (run_enabled=False)
[2026-08-07 15:52:17] on_release: 't'
[2026-08-07 15:52:17] on_press: 'a' (run_enabled=False)
[2026-08-07 15:52:17] on_release: 'a'
[2026-08-07 15:52:17] on_press: 'r' (run_enabled=False)
[2026-08-07 15:52:17] on_press: Key.shift (run_enabled=False)
[2026-08-07 15:52:17] on_press: Key.shift (run_enabled=False)
[2026-08-07 15:52:17] on_press: Key.left (run_enabled=False)
[2026-08-07 15:52:17] on_release: Key.left
[2026-08-07 15:52:17] on_release: Key.shift
[2026-08-07 15:52:17] on_release: Key.shift
[2026-08-07 15:52:17] on_press: Key.backspace (run_enabled=False)
[2026-08-07 15:52:17] on_release: Key.backspace
[2026-08-07 15:52:17] on_press: 'a' (run_enabled=False)
[2026-08-07 15:52:17] on_release: 'a'
[2026-08-07 15:52:17] on_press: '̉' (run_enabled=False)
[2026-08-07 15:52:17] on_release: '̉'
[2026-08-07 15:52:18] on_release: 'r'
[2026-08-07 15:52:18] on_press: 'r' (run_enabled=False)
[2026-08-07 15:52:18] on_press: Key.shift (run_enabled=False)
[2026-08-07 15:52:18] on_press: Key.shift (run_enabled=False)
[2026-08-07 15:52:18] on_press: Key.left (run_enabled=False)
[2026-08-07 15:52:18] on_release: Key.left
[2026-08-07 15:52:18] on_release: Key.shift
[2026-08-07 15:52:18] on_release: Key.shift
[2026-08-07 15:52:18] on_press: Key.backspace (run_enabled=False)
[2026-08-07 15:52:18] on_release: Key.backspace
[2026-08-07 15:52:18] on_press: Key.backspace (run_enabled=False)
[2026-08-07 15:52:18] on_release: Key.backspace
[2026-08-07 15:52:18] on_press: 'a' (run_enabled=False)
[2026-08-07 15:52:18] on_release: 'a'
[2026-08-07 15:52:18] on_press: 'r' (run_enabled=False)
[2026-08-07 15:52:18] on_release: 'r'
[2026-08-07 15:52:18] on_release: 'r'
[2026-08-07 15:52:18] on_press: 'g' (run_enabled=False)
[2026-08-07 15:52:18] on_release: 'g'
[2026-08-07 15:52:19] on_press: Key.backspace (run_enabled=False)
[2026-08-07 15:52:19] on_release: Key.backspace
[2026-08-07 15:52:19] on_press: Key.backspace (run_enabled=False)
[2026-08-07 15:52:19] on_release: Key.backspace
[2026-08-07 15:52:19] on_press: Key.backspace (run_enabled=False)
[2026-08-07 15:52:19] on_release: Key.backspace
[2026-08-07 15:52:19] on_press: Key.ctrl_l (run_enabled=False)
[2026-08-07 15:52:19] on_press: Key.shift (run_enabled=False)
[2026-08-07 15:52:19] on_release: Key.ctrl_l
[2026-08-07 15:52:19] on_release: Key.shift
[2026-08-07 15:52:20] on_press: 't' (run_enabled=False)
[2026-08-07 15:52:20] on_release: 't'
[2026-08-07 15:52:20] on_press: 'a' (run_enabled=False)
[2026-08-07 15:52:20] on_press: 'r' (run_enabled=False)
[2026-08-07 15:52:20] on_release: 'a'
[2026-08-07 15:52:20] on_release: 'r'
[2026-08-07 15:52:20] on_press: 'g' (run_enabled=False)
[2026-08-07 15:52:20] on_release: 'g'
[2026-08-07 15:52:20] on_press: 'e' (run_enabled=False)
[2026-08-07 15:52:21] on_press: 't' (run_enabled=False)
[2026-08-07 15:52:21] on_release: 'e'
[2026-08-07 15:52:21] on_release: 't'
[2026-08-07 15:52:21] on_press: Key.space (run_enabled=False)
[2026-08-07 15:52:21] on_release: Key.space
[2026-08-07 15:52:21] on_press: 'p' (run_enabled=False)
[2026-08-07 15:52:21] on_release: 'p'
[2026-08-07 15:52:21] on_press: 'a' (run_enabled=False)
[2026-08-07 15:52:21] on_release: 'a'
[2026-08-07 15:52:21] on_press: 't' (run_enabled=False)
[2026-08-07 15:52:22] on_release: 't'
[2026-08-07 15:52:22] on_press: 'h' (run_enabled=False)
[2026-08-07 15:52:22] on_release: 'h'
[2026-08-07 15:52:22] on_press: Key.space (run_enabled=False)
[2026-08-07 15:52:22] on_release: Key.space
[2026-08-07 15:52:22] on_press: 'l' (run_enabled=False)
[2026-08-07 15:52:22] on_press: 'a' (run_enabled=False)
[2026-08-07 15:52:22] on_release: 'l'
[2026-08-07 15:52:22] on_release: 'a'
[2026-08-07 15:52:23] on_press: Key.ctrl_l (run_enabled=False)
[2026-08-07 15:52:23] on_press: Key.shift (run_enabled=False)
[2026-08-07 15:52:23] on_release: Key.ctrl_l
[2026-08-07 15:52:23] on_release: Key.shift
[2026-08-07 15:52:23] on_press: Key.space (run_enabled=False)
[2026-08-07 15:52:23] on_release: Key.space
[2026-08-07 15:52:23] on_press: 'n' (run_enabled=False)
[2026-08-07 15:52:24] on_release: 'n'
[2026-08-07 15:52:24] on_press: 'o' (run_enabled=False)
[2026-08-07 15:52:24] on_release: 'o'
[2026-08-07 15:52:24] on_press: 's' (run_enabled=False)
[2026-08-07 15:52:24] on_press: Key.shift (run_enabled=False)
[2026-08-07 15:52:24] on_press: Key.shift (run_enabled=False)
[2026-08-07 15:52:24] on_press: Key.left (run_enabled=False)
[2026-08-07 15:52:24] on_release: Key.left
[2026-08-07 15:52:24] on_release: Key.shift
[2026-08-07 15:52:24] on_release: Key.shift
[2026-08-07 15:52:24] on_press: Key.backspace (run_enabled=False)
[2026-08-07 15:52:24] on_release: Key.backspace
[2026-08-07 15:52:24] on_press: 'o' (run_enabled=False)
[2026-08-07 15:52:24] on_release: 'o'
[2026-08-07 15:52:24] on_press: '́' (run_enabled=False)
[2026-08-07 15:52:24] on_release: '́'
[2026-08-07 15:52:24] on_release: 's'
[2026-08-07 15:52:24] on_press: Key.space (run_enabled=False)
[2026-08-07 15:52:24] on_release: Key.space
[2026-08-07 15:52:24] on_press: 'k' (run_enabled=False)
[2026-08-07 15:52:24] on_release: 'k'
[2026-08-07 15:52:24] on_press: 'h' (run_enabled=False)
[2026-08-07 15:52:24] on_release: 'h'
[2026-08-07 15:52:24] on_press: 'o' (run_enabled=False)
[2026-08-07 15:52:24] on_release: 'o'
[2026-08-07 15:52:24] on_press: 'o' (run_enabled=False)
[2026-08-07 15:52:24] on_press: Key.shift (run_enabled=False)
[2026-08-07 15:52:24] on_press: Key.shift (run_enabled=False)
[2026-08-07 15:52:24] on_press: Key.left (run_enabled=False)
[2026-08-07 15:52:24] on_release: Key.left
[2026-08-07 15:52:24] on_release: Key.shift
[2026-08-07 15:52:24] on_release: Key.shift
[2026-08-07 15:52:24] on_press: Key.backspace (run_enabled=False)
[2026-08-07 15:52:24] on_release: Key.backspace
[2026-08-07 15:52:24] on_press: 'ô' (run_enabled=False)
[2026-08-07 15:52:24] on_release: 'ô'
[2026-08-07 15:52:25] on_release: 'o'
[2026-08-07 15:52:25] on_press: 'n' (run_enabled=False)
[2026-08-07 15:52:25] on_press: 'g' (run_enabled=False)
[2026-08-07 15:52:25] on_release: 'n'
[2026-08-07 15:52:25] on_release: 'g'
[2026-08-07 15:52:25] on_press: Key.space (run_enabled=False)
[2026-08-07 15:52:25] on_press: 'c' (run_enabled=False)
[2026-08-07 15:52:25] on_release: Key.space
[2026-08-07 15:52:25] on_release: 'c'
[2026-08-07 15:52:25] on_press: 'h' (run_enabled=False)
[2026-08-07 15:52:25] on_release: 'h'
[2026-08-07 15:52:25] on_press: 'a' (run_enabled=False)
[2026-08-07 15:52:25] on_press: 'y' (run_enabled=False)
[2026-08-07 15:52:25] on_release: 'a'
[2026-08-07 15:52:25] on_release: 'y'
[2026-08-07 15:52:25] on_press: 'j' (run_enabled=False)
[2026-08-07 15:52:25] on_press: Key.shift (run_enabled=False)
[2026-08-07 15:52:25] on_press: Key.shift (run_enabled=False)
[2026-08-07 15:52:25] on_press: Key.left (run_enabled=False)
[2026-08-07 15:52:25] on_release: Key.left
[2026-08-07 15:52:25] on_release: Key.shift
[2026-08-07 15:52:25] on_release: Key.shift
[2026-08-07 15:52:25] on_press: Key.backspace (run_enabled=False)
[2026-08-07 15:52:25] on_release: Key.backspace
[2026-08-07 15:52:25] on_press: Key.backspace (run_enabled=False)
[2026-08-07 15:52:25] on_release: Key.backspace
[2026-08-07 15:52:25] on_press: 'a' (run_enabled=False)
[2026-08-07 15:52:25] on_release: 'a'
[2026-08-07 15:52:25] on_press: '̣' (run_enabled=False)
[2026-08-07 15:52:25] on_release: '̣'
[2026-08-07 15:52:25] on_press: 'y' (run_enabled=False)
[2026-08-07 15:52:25] on_release: 'y'
[2026-08-07 15:52:26] on_release: 'j'
[2026-08-07 15:52:26] on_press: Key.space (run_enabled=False)
[2026-08-07 15:52:26] on_release: Key.space
[2026-08-07 15:52:26] on_press: 'd' (run_enabled=False)
[2026-08-07 15:52:26] on_release: 'd'
[2026-08-07 15:52:26] on_press: 'd' (run_enabled=False)
[2026-08-07 15:52:26] on_press: Key.shift (run_enabled=False)
[2026-08-07 15:52:26] on_press: Key.shift (run_enabled=False)
[2026-08-07 15:52:26] on_press: Key.left (run_enabled=False)
[2026-08-07 15:52:26] on_release: Key.left
[2026-08-07 15:52:26] on_release: Key.shift
[2026-08-07 15:52:26] on_release: Key.shift
[2026-08-07 15:52:26] on_press: Key.backspace (run_enabled=False)
[2026-08-07 15:52:26] on_release: Key.backspace
[2026-08-07 15:52:26] on_press: 'đ' (run_enabled=False)
[2026-08-07 15:52:26] on_release: 'đ'
[2026-08-07 15:52:26] on_release: 'd'
[2026-08-07 15:52:26] on_press: 'a' (run_enabled=False)
[2026-08-07 15:52:26] on_release: 'a'
[2026-08-07 15:52:26] on_press: 'u' (run_enabled=False)
[2026-08-07 15:52:26] on_press: 'a' (run_enabled=False)
[2026-08-07 15:52:26] on_press: Key.shift (run_enabled=False)
[2026-08-07 15:52:26] on_press: Key.shift (run_enabled=False)
[2026-08-07 15:52:26] on_press: Key.left (run_enabled=False)
[2026-08-07 15:52:26] on_release: Key.left
[2026-08-07 15:52:26] on_release: Key.shift
[2026-08-07 15:52:26] on_release: Key.shift
[2026-08-07 15:52:26] on_press: Key.backspace (run_enabled=False)
[2026-08-07 15:52:26] on_release: Key.backspace
[2026-08-07 15:52:26] on_press: Key.backspace (run_enabled=False)
[2026-08-07 15:52:26] on_release: Key.backspace
[2026-08-07 15:52:26] on_press: 'â' (run_enabled=False)
[2026-08-07 15:52:26] on_release: 'â'
[2026-08-07 15:52:26] on_press: 'u' (run_enabled=False)
[2026-08-07 15:52:26] on_release: 'u'
[2026-08-07 15:52:26] on_release: 'u'
[2026-08-07 15:52:26] on_release: 'a'
[2026-08-07 15:52:26] on_press: Key.enter (run_enabled=False)
[2026-08-07 15:52:26] on_release: Key.enter
[2026-08-07 15:52:37] on_click (press): Button.left (run_enabled=False)
[2026-08-07 15:52:37] on_click (release): Button.left
[2026-08-07 15:52:38] on_click (press): Button.left (run_enabled=False)
[2026-08-07 15:52:38] on_click (release): Button.left
[2026-08-07 15:52:39] on_click (press): Button.left (run_enabled=False)
[2026-08-07 15:52:39] on_click (release): Button.left
[2026-08-07 15:52:40] on_click (press): Button.left (run_enabled=False)
[2026-08-07 15:52:40] on_click (release): Button.left
[2026-08-07 15:52:41] on_click (press): Button.right (run_enabled=False)
[2026-08-07 15:52:41] on_click (release): Button.right
[2026-08-07 15:52:43] on_press: Key.enter (run_enabled=False)
[2026-08-07 15:52:43] on_release: Key.enter
[2026-08-07 15:52:44] on_click (press): Button.left (run_enabled=False)
[2026-08-07 15:52:44] on_click (release): Button.left
[2026-08-07 15:52:47] on_click (press): Button.left (run_enabled=False)
[2026-08-07 15:52:48] on_click (release): Button.left
[2026-08-07 15:52:52] on_click (press): Button.left (run_enabled=False)
[2026-08-07 15:52:52] on_click (release): Button.left
[2026-08-07 15:52:52] on_click (press): Button.left (run_enabled=False)
[2026-08-07 15:52:52] on_click (release): Button.left
[2026-08-07 15:52:55] on_click (press): Button.left (run_enabled=False)
[2026-08-07 15:52:55] on_click (release): Button.left
[2026-08-07 15:52:55] on_click (press): Button.left (run_enabled=False)
[2026-08-07 15:52:56] on_click (release): Button.left
[2026-08-07 15:52:57] on_click (press): Button.left (run_enabled=False)
[2026-08-07 15:52:57] on_click (release): Button.left
[2026-08-07 15:52:58] on_click (press): Button.left (run_enabled=False)
[2026-08-07 15:52:58] on_click (release): Button.left
[2026-08-07 15:52:58] on_click (press): Button.left (run_enabled=False)
[2026-08-07 15:52:59] on_click (release): Button.left
[2026-08-07 15:52:59] on_click (press): Button.left (run_enabled=False)
[2026-08-07 15:52:59] on_click (release): Button.left
[2026-08-07 15:53:00] on_click (press): Button.left (run_enabled=False)
[2026-08-07 15:53:00] on_click (release): Button.left
[2026-08-07 15:53:00] on_click (press): Button.left (run_enabled=False)
[2026-08-07 15:53:00] on_click (release): Button.left
[2026-08-07 15:53:01] on_click (press): Button.left (run_enabled=False)
[2026-08-07 15:53:02] on_click (release): Button.left
[2026-08-07 15:53:02] on_press: Key.ctrl_l (run_enabled=False)
[2026-08-07 15:53:02] on_press: '\x16' (run_enabled=False)
[2026-08-07 15:53:02] on_release: '\x16'
[2026-08-07 15:53:03] on_release: Key.ctrl_l
[2026-08-07 15:53:08] on_click (press): Button.left (run_enabled=False)
[2026-08-07 15:53:08] on_click (release): Button.left
[2026-08-07 15:53:08] on_click (press): Button.left (run_enabled=False)
[2026-08-07 15:53:08] on_click (release): Button.left
[2026-08-07 15:53:09] on_click (press): Button.left (run_enabled=False)
[2026-08-07 15:53:09] on_click (release): Button.left
[2026-08-07 15:53:09] on_click (press): Button.left (run_enabled=False)
[2026-08-07 15:53:09] on_click (release): Button.left
[2026-08-07 15:53:10] on_click (press): Button.left (run_enabled=False)
[2026-08-07 15:53:10] on_click (release): Button.left
[2026-08-07 15:53:10] on_click (press): Button.left (run_enabled=False)
[2026-08-07 15:53:10] on_click (release): Button.left
[2026-08-07 15:53:10] on_click (press): Button.left (run_enabled=False)
[2026-08-07 15:53:10] on_click (release): Button.left
[2026-08-07 15:53:11] on_click (press): Button.left (run_enabled=False)
[2026-08-07 15:53:11] on_click (release): Button.left
[2026-08-07 15:53:12] on_click (press): Button.left (run_enabled=False)
[2026-08-07 15:53:12] on_click (release): Button.left
[2026-08-07 15:53:13] on_click (press): Button.left (run_enabled=False)
[2026-08-07 15:53:13] on_click (release): Button.left
[2026-08-07 15:53:14] on_press: Key.ctrl_l (run_enabled=False)
[2026-08-07 15:53:14] on_press: '\x03' (run_enabled=False)
[2026-08-07 15:53:14] on_release: '\x03'
[2026-08-07 15:53:14] on_release: Key.ctrl_l
[2026-08-07 15:53:14] on_click (press): Button.left (run_enabled=False)
[2026-08-07 15:53:14] on_click (release): Button.left
[2026-08-07 15:53:15] on_click (press): Button.left (run_enabled=False)
[2026-08-07 15:53:17] on_click (release): Button.left
[2026-08-07 15:53:18] on_press: Key.ctrl_l (run_enabled=False)
[2026-08-07 15:53:18] on_press: '\x16' (run_enabled=False)
[2026-08-07 15:53:18] on_release: '\x16'
[2026-08-07 15:53:18] on_release: Key.ctrl_l
[2026-08-07 15:53:19] on_click (press): Button.left (run_enabled=False)
[2026-08-07 15:53:19] on_click (release): Button.left
[2026-08-07 15:53:19] on_press: Key.ctrl_l (run_enabled=False)
[2026-08-07 15:53:19] on_press: '\x01' (run_enabled=False)
[2026-08-07 15:53:19] on_release: '\x01'
[2026-08-07 15:53:20] on_press: '\x18' (run_enabled=False)
[2026-08-07 15:53:20] on_release: '\x18'
[2026-08-07 15:53:20] on_release: Key.ctrl_l
[2026-08-07 15:53:23] on_press: Key.cmd (run_enabled=False)
[2026-08-07 15:53:23] on_release: Key.cmd
[2026-08-07 15:53:23] on_press: 'c' (run_enabled=False)
[2026-08-07 15:53:24] on_release: 'c'
[2026-08-07 15:53:24] on_press: 'm' (run_enabled=False)
[2026-08-07 15:53:24] on_release: 'm'
[2026-08-07 15:53:25] on_click (press): Button.left (run_enabled=False)
[2026-08-07 15:53:25] on_click (release): Button.left
[2026-08-07 15:53:25] on_click (press): Button.right (run_enabled=False)
[2026-08-07 15:53:25] on_click (release): Button.right
[2026-08-07 15:53:26] on_press: Key.enter (run_enabled=False)
[2026-08-07 15:53:26] on_release: Key.enter
[2026-08-07 15:53:29] on_click (press): Button.left (run_enabled=False)
[2026-08-07 15:53:29] on_click (release): Button.left
[2026-08-07 15:53:29] on_click (press): Button.left (run_enabled=False)
[2026-08-07 15:53:29] on_click (release): Button.left
[2026-08-07 15:53:29] on_click (press): Button.left (run_enabled=False)
[2026-08-07 15:53:30] on_click (release): Button.left
[2026-08-07 15:53:30] on_press: Key.cmd (run_enabled=False)
[2026-08-07 15:53:30] on_release: Key.cmd
[2026-08-07 15:53:30] on_press: 'p' (run_enabled=False)
[2026-08-07 15:53:30] on_release: 'p'
[2026-08-07 15:53:32] on_click (press): Button.left (run_enabled=False)
[2026-08-07 15:53:32] on_click (release): Button.left
[2026-08-07 15:53:32] on_click (press): Button.right (run_enabled=False)
[2026-08-07 15:53:32] on_click (release): Button.right
[2026-08-07 15:53:33] on_press: Key.enter (run_enabled=False)
[2026-08-07 15:53:33] on_release: Key.enter
[2026-08-07 15:53:35] on_press: Key.up (run_enabled=False)
[2026-08-07 15:53:35] on_release: Key.up
[2026-08-07 15:53:36] on_press: Key.down (run_enabled=False)
[2026-08-07 15:53:36] on_release: Key.down
[2026-08-07 15:53:37] on_press: Key.backspace (run_enabled=False)
[2026-08-07 15:53:37] on_release: Key.backspace
[2026-08-07 15:53:38] on_press: Key.down (run_enabled=False)
[2026-08-07 15:53:38] on_press: Key.down (run_enabled=False)
[2026-08-07 15:53:38] on_press: Key.down (run_enabled=False)
[2026-08-07 15:53:38] on_press: Key.down (run_enabled=False)
[2026-08-07 15:53:38] on_press: Key.down (run_enabled=False)
[2026-08-07 15:53:38] on_press: Key.down (run_enabled=False)
[2026-08-07 15:53:38] on_press: Key.down (run_enabled=False)
[2026-08-07 15:53:38] on_press: Key.down (run_enabled=False)
[2026-08-07 15:53:38] on_press: Key.down (run_enabled=False)
[2026-08-07 15:53:38] on_press: Key.down (run_enabled=False)
[2026-08-07 15:53:38] on_press: Key.down (run_enabled=False)
[2026-08-07 15:53:38] on_press: Key.down (run_enabled=False)
[2026-08-07 15:53:38] on_press: Key.down (run_enabled=False)
[2026-08-07 15:53:38] on_press: Key.down (run_enabled=False)
[2026-08-07 15:53:39] on_press: Key.down (run_enabled=False)
[2026-08-07 15:53:39] on_press: Key.down (run_enabled=False)
[2026-08-07 15:53:39] on_press: Key.down (run_enabled=False)
[2026-08-07 15:53:39] on_press: Key.down (run_enabled=False)
[2026-08-07 15:53:39] on_press: Key.down (run_enabled=False)
[2026-08-07 15:53:39] on_press: Key.down (run_enabled=False)
[2026-08-07 15:53:39] on_release: Key.down
[2026-08-07 15:53:39] on_press: Key.enter (run_enabled=False)
[2026-08-07 15:53:39] on_release: Key.enter
[2026-08-07 15:53:40] on_press: Key.enter (run_enabled=False)
[2026-08-07 15:53:40] on_release: Key.enter
[2026-08-07 15:53:40] on_press: Key.enter (run_enabled=False)
[2026-08-07 15:53:40] on_release: Key.enter
[2026-08-07 15:53:40] on_press: Key.enter (run_enabled=False)
[2026-08-07 15:53:40] on_release: Key.enter
[2026-08-07 15:53:40] on_press: Key.enter (run_enabled=False)
[2026-08-07 15:53:40] on_release: Key.enter
[2026-08-07 15:53:42] on_press: Key.ctrl_l (run_enabled=False)
[2026-08-07 15:53:42] on_press: '\x03' (run_enabled=False)
[2026-08-07 15:53:42] on_release: '\x03'
[2026-08-07 15:53:42] on_release: Key.ctrl_l
[2026-08-07 15:53:43] on_click (press): Button.right (run_enabled=False)
[2026-08-07 15:53:43] on_click (release): Button.right
[2026-08-07 15:53:44] on_press: Key.ctrl_l (run_enabled=False)
[2026-08-07 15:53:44] on_press: '\x03' (run_enabled=False)
[2026-08-07 15:53:44] on_release: '\x03'
[2026-08-07 15:53:44] on_release: Key.ctrl_l
[2026-08-07 15:53:45] on_click (press): Button.left (run_enabled=False)
[2026-08-07 15:53:45] on_click (release): Button.left
[2026-08-07 15:53:46] on_click (press): Button.left (run_enabled=False)
[2026-08-07 15:53:46] on_click (release): Button.left
[2026-08-07 15:53:47] on_press: Key.ctrl_l (run_enabled=False)
[2026-08-07 15:53:47] on_press: '\x16' (run_enabled=False)
[2026-08-07 15:53:47] on_release: '\x16'
[2026-08-07 15:53:47] on_release: Key.ctrl_l
[2026-08-07 15:53:48] on_press: Key.ctrl_l (run_enabled=False)
[2026-08-07 15:53:49] on_press: '\x1a' (run_enabled=False)
[2026-08-07 15:53:49] on_release: '\x1a'
[2026-08-07 15:53:49] on_release: Key.ctrl_l
[2026-08-07 15:53:50] on_click (press): Button.left (run_enabled=False)
[2026-08-07 15:53:50] on_click (release): Button.left
[2026-08-07 15:53:51] on_click (press): Button.left (run_enabled=False)
[2026-08-07 15:53:51] on_click (release): Button.left
[2026-08-07 15:53:52] on_click (press): Button.left (run_enabled=False)
[2026-08-07 15:53:52] on_click (release): Button.left
[2026-08-07 15:53:53] on_press: Key.enter (run_enabled=False)
[2026-08-07 15:53:53] on_release: Key.enter
[2026-08-07 15:53:53] on_press: Key.enter (run_enabled=False)
[2026-08-07 15:53:53] on_release: Key.enter
[2026-08-07 15:53:54] on_press: Key.ctrl_l (run_enabled=False)
[2026-08-07 15:53:54] on_press: '\x16' (run_enabled=False)
[2026-08-07 15:53:54] on_release: '\x16'
[2026-08-07 15:53:54] on_release: Key.ctrl_l
[2026-08-07 15:53:54] on_click (press): Button.left (run_enabled=False)
[2026-08-07 15:53:55] on_click (release): Button.left
[2026-08-07 15:53:56] on_press: Key.delete (run_enabled=False)
[2026-08-07 15:53:56] on_press: Key.backspace (run_enabled=False)
[2026-08-07 15:53:56] on_release: Key.backspace
[2026-08-07 15:53:56] on_release: Key.delete
[2026-08-07 15:53:57] on_press: Key.backspace (run_enabled=False)
[2026-08-07 15:53:57] on_release: Key.backspace
[2026-08-07 15:53:57] on_click (press): Button.left (run_enabled=False)
[2026-08-07 15:53:57] on_click (release): Button.left
[2026-08-07 15:53:58] on_click (press): Button.left (run_enabled=False)
[2026-08-07 15:53:58] on_click (release): Button.left
[2026-08-07 15:53:58] on_click (press): Button.left (run_enabled=False)
[2026-08-07 15:53:58] on_click (release): Button.left
[2026-08-07 15:53:58] on_press: Key.backspace (run_enabled=False)
[2026-08-07 15:53:59] on_release: Key.backspace
[2026-08-07 15:53:59] on_press: Key.backspace (run_enabled=False)
[2026-08-07 15:53:59] on_release: Key.backspace
[2026-08-07 15:53:59] on_press: Key.backspace (run_enabled=False)
[2026-08-07 15:53:59] on_release: Key.backspace
[2026-08-07 15:54:00] on_click (press): Button.left (run_enabled=False)
[2026-08-07 15:54:01] on_click (release): Button.left
[2026-08-07 15:54:01] on_press: Key.ctrl_l (run_enabled=False)
[2026-08-07 15:54:01] on_press: '\x18' (run_enabled=False)
[2026-08-07 15:54:02] on_release: '\x18'
[2026-08-07 15:54:02] on_release: Key.ctrl_l
[2026-08-07 15:54:02] on_press: Key.backspace (run_enabled=False)
[2026-08-07 15:54:02] on_release: Key.backspace
[2026-08-07 15:54:02] on_press: Key.backspace (run_enabled=False)
[2026-08-07 15:54:03] on_release: Key.backspace
[2026-08-07 15:54:03] on_press: Key.backspace (run_enabled=False)
[2026-08-07 15:54:03] on_release: Key.backspace
[2026-08-07 15:54:04] on_click (press): Button.left (run_enabled=False)
[2026-08-07 15:54:04] on_click (release): Button.left
[2026-08-07 15:54:04] on_click (press): Button.right (run_enabled=False)
[2026-08-07 15:54:04] on_click (release): Button.right
[2026-08-07 15:54:05] on_press: Key.enter (run_enabled=False)
[2026-08-07 15:54:05] on_release: Key.enter
[2026-08-07 15:54:07] on_press: Key.shift_r (run_enabled=False)
[2026-08-07 15:54:07] on_press: Key.enter (run_enabled=False)
[2026-08-07 15:54:07] on_release: Key.enter
[2026-08-07 15:54:08] on_release: Key.shift_r
[2026-08-07 15:54:09] on_press: Key.backspace (run_enabled=False)
[2026-08-07 15:54:10] on_press: Key.backspace (run_enabled=False)
[2026-08-07 15:54:10] on_press: Key.backspace (run_enabled=False)
[2026-08-07 15:54:10] on_press: Key.backspace (run_enabled=False)
[2026-08-07 15:54:10] on_press: Key.backspace (run_enabled=False)
[2026-08-07 15:54:10] on_press: Key.backspace (run_enabled=False)
[2026-08-07 15:54:10] on_press: Key.backspace (run_enabled=False)
[2026-08-07 15:54:10] on_press: Key.backspace (run_enabled=False)
[2026-08-07 15:54:10] on_press: Key.backspace (run_enabled=False)
[2026-08-07 15:54:10] on_press: Key.backspace (run_enabled=False)
[2026-08-07 15:54:10] on_press: Key.backspace (run_enabled=False)
[2026-08-07 15:54:10] on_press: Key.backspace (run_enabled=False)
[2026-08-07 15:54:10] on_press: Key.backspace (run_enabled=False)
[2026-08-07 15:54:10] on_press: Key.backspace (run_enabled=False)
[2026-08-07 15:54:10] on_press: Key.backspace (run_enabled=False)
[2026-08-07 15:54:10] on_press: Key.backspace (run_enabled=False)
[2026-08-07 15:54:10] on_press: Key.backspace (run_enabled=False)
[2026-08-07 15:54:10] on_press: Key.backspace (run_enabled=False)
[2026-08-07 15:54:11] on_press: Key.backspace (run_enabled=False)
[2026-08-07 15:54:11] on_press: Key.backspace (run_enabled=False)
[2026-08-07 15:54:11] on_press: Key.backspace (run_enabled=False)
[2026-08-07 15:54:11] on_press: Key.backspace (run_enabled=False)
[2026-08-07 15:54:11] on_press: Key.backspace (run_enabled=False)
[2026-08-07 15:54:11] on_press: Key.backspace (run_enabled=False)
[2026-08-07 15:54:11] on_press: Key.backspace (run_enabled=False)
[2026-08-07 15:54:11] on_press: Key.backspace (run_enabled=False)
[2026-08-07 15:54:11] on_press: Key.backspace (run_enabled=False)
[2026-08-07 15:54:11] on_press: Key.backspace (run_enabled=False)
[2026-08-07 15:54:11] on_press: Key.backspace (run_enabled=False)
[2026-08-07 15:54:11] on_press: Key.backspace (run_enabled=False)
[2026-08-07 15:54:11] on_press: Key.backspace (run_enabled=False)
[2026-08-07 15:54:11] on_press: Key.backspace (run_enabled=False)
[2026-08-07 15:54:11] on_press: Key.backspace (run_enabled=False)
[2026-08-07 15:54:11] on_press: Key.backspace (run_enabled=False)
[2026-08-07 15:54:11] on_press: Key.backspace (run_enabled=False)
[2026-08-07 15:54:11] on_press: Key.backspace (run_enabled=False)
[2026-08-07 15:54:11] on_press: Key.backspace (run_enabled=False)
[2026-08-07 15:54:11] on_press: Key.backspace (run_enabled=False)
[2026-08-07 15:54:11] on_press: Key.backspace (run_enabled=False)
[2026-08-07 15:54:11] on_press: Key.backspace (run_enabled=False)
[2026-08-07 15:54:11] on_press: Key.backspace (run_enabled=False)
[2026-08-07 15:54:11] on_press: Key.backspace (run_enabled=False)
[2026-08-07 15:54:11] on_press: Key.backspace (run_enabled=False)
[2026-08-07 15:54:11] on_press: Key.backspace (run_enabled=False)
[2026-08-07 15:54:11] on_press: Key.backspace (run_enabled=False)
[2026-08-07 15:54:11] on_press: Key.backspace (run_enabled=False)
[2026-08-07 15:54:11] on_press: Key.backspace (run_enabled=False)
[2026-08-07 15:54:11] on_press: Key.backspace (run_enabled=False)
[2026-08-07 15:54:12] on_press: Key.backspace (run_enabled=False)
[2026-08-07 15:54:12] on_press: Key.backspace (run_enabled=False)
[2026-08-07 15:54:12] on_press: Key.backspace (run_enabled=False)
[2026-08-07 15:54:12] on_press: Key.backspace (run_enabled=False)
[2026-08-07 15:54:12] on_press: Key.backspace (run_enabled=False)
[2026-08-07 15:54:12] on_press: Key.backspace (run_enabled=False)
[2026-08-07 15:54:12] on_press: Key.backspace (run_enabled=False)
[2026-08-07 15:54:12] on_press: Key.backspace (run_enabled=False)
[2026-08-07 15:54:12] on_press: Key.backspace (run_enabled=False)
[2026-08-07 15:54:12] on_press: Key.backspace (run_enabled=False)
[2026-08-07 15:54:12] on_press: Key.backspace (run_enabled=False)
[2026-08-07 15:54:12] on_press: Key.backspace (run_enabled=False)
[2026-08-07 15:54:12] on_press: Key.backspace (run_enabled=False)
[2026-08-07 15:54:12] on_press: Key.backspace (run_enabled=False)
[2026-08-07 15:54:12] on_press: Key.backspace (run_enabled=False)
[2026-08-07 15:54:12] on_press: Key.backspace (run_enabled=False)
[2026-08-07 15:54:12] on_press: Key.backspace (run_enabled=False)
[2026-08-07 15:54:12] on_press: Key.backspace (run_enabled=False)
[2026-08-07 15:54:12] on_press: Key.backspace (run_enabled=False)
[2026-08-07 15:54:12] on_press: Key.backspace (run_enabled=False)
[2026-08-07 15:54:12] on_press: Key.backspace (run_enabled=False)
[2026-08-07 15:54:12] on_press: Key.backspace (run_enabled=False)
[2026-08-07 15:54:12] on_press: Key.backspace (run_enabled=False)
[2026-08-07 15:54:12] on_press: Key.backspace (run_enabled=False)
[2026-08-07 15:54:12] on_press: Key.backspace (run_enabled=False)
[2026-08-07 15:54:12] on_press: Key.backspace (run_enabled=False)
[2026-08-07 15:54:12] on_press: Key.backspace (run_enabled=False)
[2026-08-07 15:54:12] on_press: Key.backspace (run_enabled=False)
[2026-08-07 15:54:12] on_press: Key.backspace (run_enabled=False)
[2026-08-07 15:54:12] on_press: Key.backspace (run_enabled=False)
[2026-08-07 15:54:12] on_press: Key.backspace (run_enabled=False)
[2026-08-07 15:54:13] on_press: Key.backspace (run_enabled=False)
[2026-08-07 15:54:13] on_press: Key.backspace (run_enabled=False)
[2026-08-07 15:54:13] on_press: Key.backspace (run_enabled=False)
[2026-08-07 15:54:13] on_press: Key.backspace (run_enabled=False)
[2026-08-07 15:54:13] on_press: Key.backspace (run_enabled=False)
[2026-08-07 15:54:13] on_press: Key.backspace (run_enabled=False)
[2026-08-07 15:54:13] on_press: Key.backspace (run_enabled=False)
[2026-08-07 15:54:13] on_press: Key.backspace (run_enabled=False)
[2026-08-07 15:54:13] on_press: Key.backspace (run_enabled=False)
[2026-08-07 15:54:13] on_press: Key.backspace (run_enabled=False)
[2026-08-07 15:54:13] on_press: Key.backspace (run_enabled=False)
[2026-08-07 15:54:13] on_press: Key.backspace (run_enabled=False)
[2026-08-07 15:54:13] on_press: Key.backspace (run_enabled=False)
[2026-08-07 15:54:13] on_press: Key.backspace (run_enabled=False)
[2026-08-07 15:54:13] on_press: Key.backspace (run_enabled=False)
[2026-08-07 15:54:13] on_press: Key.backspace (run_enabled=False)
[2026-08-07 15:54:13] on_press: Key.backspace (run_enabled=False)
[2026-08-07 15:54:13] on_press: Key.backspace (run_enabled=False)
[2026-08-07 15:54:13] on_press: Key.backspace (run_enabled=False)
[2026-08-07 15:54:13] on_press: Key.backspace (run_enabled=False)
[2026-08-07 15:54:13] on_press: Key.backspace (run_enabled=False)
[2026-08-07 15:54:13] on_press: Key.backspace (run_enabled=False)
[2026-08-07 15:54:13] on_press: Key.backspace (run_enabled=False)
[2026-08-07 15:54:13] on_press: Key.backspace (run_enabled=False)
[2026-08-07 15:54:13] on_press: Key.backspace (run_enabled=False)
[2026-08-07 15:54:13] on_press: Key.backspace (run_enabled=False)
[2026-08-07 15:54:13] on_press: Key.backspace (run_enabled=False)
[2026-08-07 15:54:13] on_press: Key.backspace (run_enabled=False)
[2026-08-07 15:54:13] on_press: Key.backspace (run_enabled=False)
[2026-08-07 15:54:13] on_press: Key.backspace (run_enabled=False)
[2026-08-07 15:54:14] on_press: Key.backspace (run_enabled=False)
[2026-08-07 15:54:14] on_press: Key.backspace (run_enabled=False)
[2026-08-07 15:54:14] on_press: Key.backspace (run_enabled=False)
[2026-08-07 15:54:14] on_press: Key.backspace (run_enabled=False)
[2026-08-07 15:54:14] on_press: Key.backspace (run_enabled=False)
[2026-08-07 15:54:14] on_press: Key.backspace (run_enabled=False)
[2026-08-07 15:54:14] on_press: Key.backspace (run_enabled=False)
[2026-08-07 15:54:14] on_press: Key.backspace (run_enabled=False)
[2026-08-07 15:54:14] on_press: Key.backspace (run_enabled=False)
[2026-08-07 15:54:14] on_press: Key.backspace (run_enabled=False)
[2026-08-07 15:54:14] on_press: Key.backspace (run_enabled=False)
[2026-08-07 15:54:14] on_press: Key.backspace (run_enabled=False)
[2026-08-07 15:54:14] on_press: Key.backspace (run_enabled=False)
[2026-08-07 15:54:14] on_press: Key.backspace (run_enabled=False)
[2026-08-07 15:54:14] on_press: Key.backspace (run_enabled=False)
[2026-08-07 15:54:14] on_press: Key.backspace (run_enabled=False)
[2026-08-07 15:54:14] on_press: Key.backspace (run_enabled=False)
[2026-08-07 15:54:14] on_press: Key.backspace (run_enabled=False)
[2026-08-07 15:54:14] on_press: Key.backspace (run_enabled=False)
[2026-08-07 15:54:14] on_press: Key.backspace (run_enabled=False)
[2026-08-07 15:54:14] on_press: Key.backspace (run_enabled=False)
[2026-08-07 15:54:14] on_press: Key.backspace (run_enabled=False)
[2026-08-07 15:54:14] on_press: Key.backspace (run_enabled=False)
[2026-08-07 15:54:14] on_press: Key.backspace (run_enabled=False)
[2026-08-07 15:54:14] on_press: Key.backspace (run_enabled=False)
[2026-08-07 15:54:14] on_press: Key.backspace (run_enabled=False)
[2026-08-07 15:54:14] on_press: Key.backspace (run_enabled=False)
[2026-08-07 15:54:14] on_press: Key.backspace (run_enabled=False)
[2026-08-07 15:54:14] on_press: Key.backspace (run_enabled=False)
[2026-08-07 15:54:14] on_press: Key.backspace (run_enabled=False)
[2026-08-07 15:54:15] on_press: Key.backspace (run_enabled=False)
[2026-08-07 15:54:15] on_press: Key.backspace (run_enabled=False)
[2026-08-07 15:54:15] on_press: Key.backspace (run_enabled=False)
[2026-08-07 15:54:15] on_press: Key.backspace (run_enabled=False)
[2026-08-07 15:54:15] on_press: Key.backspace (run_enabled=False)
[2026-08-07 15:54:15] on_press: Key.backspace (run_enabled=False)
[2026-08-07 15:54:15] on_press: Key.backspace (run_enabled=False)
[2026-08-07 15:54:15] on_press: Key.backspace (run_enabled=False)
[2026-08-07 15:54:15] on_press: Key.backspace (run_enabled=False)
[2026-08-07 15:54:15] on_press: Key.backspace (run_enabled=False)
[2026-08-07 15:54:15] on_press: Key.backspace (run_enabled=False)
[2026-08-07 15:54:15] on_press: Key.backspace (run_enabled=False)
[2026-08-07 15:54:15] on_press: Key.backspace (run_enabled=False)
[2026-08-07 15:54:15] on_press: Key.backspace (run_enabled=False)
[2026-08-07 15:54:15] on_press: Key.backspace (run_enabled=False)
[2026-08-07 15:54:15] on_press: Key.backspace (run_enabled=False)
[2026-08-07 15:54:15] on_press: Key.backspace (run_enabled=False)
[2026-08-07 15:54:15] on_press: Key.backspace (run_enabled=False)
[2026-08-07 15:54:15] on_press: Key.backspace (run_enabled=False)
[2026-08-07 15:54:15] on_press: Key.backspace (run_enabled=False)
[2026-08-07 15:54:15] on_press: Key.backspace (run_enabled=False)
[2026-08-07 15:54:15] on_press: Key.backspace (run_enabled=False)
[2026-08-07 15:54:15] on_press: Key.backspace (run_enabled=False)
[2026-08-07 15:54:15] on_press: Key.backspace (run_enabled=False)
[2026-08-07 15:54:15] on_press: Key.backspace (run_enabled=False)
[2026-08-07 15:54:15] on_press: Key.backspace (run_enabled=False)
[2026-08-07 15:54:15] on_press: Key.backspace (run_enabled=False)
[2026-08-07 15:54:15] on_press: Key.backspace (run_enabled=False)
[2026-08-07 15:54:15] on_press: Key.backspace (run_enabled=False)
[2026-08-07 15:54:15] on_press: Key.backspace (run_enabled=False)
[2026-08-07 15:54:16] on_press: Key.backspace (run_enabled=False)
[2026-08-07 15:54:16] on_press: Key.backspace (run_enabled=False)
[2026-08-07 15:54:16] on_press: Key.backspace (run_enabled=False)
[2026-08-07 15:54:16] on_press: Key.backspace (run_enabled=False)
[2026-08-07 15:54:16] on_press: Key.backspace (run_enabled=False)
[2026-08-07 15:54:16] on_press: Key.backspace (run_enabled=False)
[2026-08-07 15:54:16] on_release: Key.backspace
[2026-08-07 15:54:16] on_press: Key.alt_l (run_enabled=False)
[2026-08-07 15:54:16] on_press: Key.tab (run_enabled=False)
[2026-08-07 15:54:17] on_release: Key.tab
[2026-08-07 15:54:17] on_press: Key.tab (run_enabled=False)
[2026-08-07 15:54:17] on_release: Key.tab
[2026-08-07 15:54:18] on_click (press): Button.left (run_enabled=False)
[2026-08-07 15:54:18] on_click (release): Button.left
[2026-08-07 15:54:18] on_release: Key.alt_l
[2026-08-07 15:54:19] on_press: Key.alt_l (run_enabled=False)
[2026-08-07 15:54:19] on_press: Key.tab (run_enabled=False)
[2026-08-07 15:54:19] on_release: Key.tab
[2026-08-07 15:54:19] on_press: Key.tab (run_enabled=False)
[2026-08-07 15:54:19] on_release: Key.tab
[2026-08-07 15:54:19] on_release: Key.alt_l
[2026-08-07 15:54:21] on_click (press): Button.left (run_enabled=False)
[2026-08-07 15:54:21] on_click (release): Button.left
[2026-08-07 15:54:23] on_click (press): Button.left (run_enabled=False)
[2026-08-07 15:54:23] on_click (release): Button.left
[2026-08-07 15:54:23] on_click (press): Button.left (run_enabled=False)
[2026-08-07 15:54:23] on_click (release): Button.left
[2026-08-07 15:54:24] on_click (press): Button.left (run_enabled=False)
[2026-08-07 15:54:24] on_click (release): Button.left
[2026-08-07 15:54:25] on_click (press): Button.left (run_enabled=False)
[2026-08-07 15:54:25] on_click (release): Button.left
[2026-08-07 15:54:26] on_press: 'c' (run_enabled=False)
[2026-08-07 15:54:26] on_release: 'c'
[2026-08-07 15:54:26] on_press: 'h' (run_enabled=False)
[2026-08-07 15:54:26] on_press: 'o' (run_enabled=False)
[2026-08-07 15:54:26] on_release: 'h'
[2026-08-07 15:54:26] on_release: 'o'
[2026-08-07 15:54:26] on_press: Key.space (run_enabled=False)
[2026-08-07 15:54:26] on_release: Key.space
[2026-08-07 15:54:26] on_press: 'l' (run_enabled=False)
[2026-08-07 15:54:27] on_release: 'l'
[2026-08-07 15:54:27] on_press: 'e' (run_enabled=False)
[2026-08-07 15:54:27] on_release: 'e'
[2026-08-07 15:54:27] on_press: 'e' (run_enabled=False)
[2026-08-07 15:54:27] on_release: 'e'
[2026-08-07 15:54:27] on_press: 'n' (run_enabled=False)
[2026-08-07 15:54:27] on_release: 'n'
[2026-08-07 15:54:27] on_press: 'h' (run_enabled=False)
[2026-08-07 15:54:27] on_release: 'h'
[2026-08-07 15:54:27] on_press: 'j' (run_enabled=False)
[2026-08-07 15:54:27] on_release: 'j'
[2026-08-07 15:54:27] on_press: Key.space (run_enabled=False)
[2026-08-07 15:54:27] on_release: Key.space
[2026-08-07 15:54:28] on_press: '1' (run_enabled=False)
[2026-08-07 15:54:28] on_release: '1'
[2026-08-07 15:54:28] on_press: Key.space (run_enabled=False)
[2026-08-07 15:54:28] on_release: Key.space
[2026-08-07 15:54:28] on_press: 'd' (run_enabled=False)
[2026-08-07 15:54:28] on_release: 'd'
[2026-08-07 15:54:28] on_press: 'o' (run_enabled=False)
[2026-08-07 15:54:28] on_release: 'o'
[2026-08-07 15:54:28] on_press: 'n' (run_enabled=False)
[2026-08-07 15:54:28] on_release: 'n'
[2026-08-07 15:54:28] on_press: 'g' (run_enabled=False)
[2026-08-07 15:54:28] on_release: 'g'
[2026-08-07 15:54:28] on_press: Key.enter (run_enabled=False)
[2026-08-07 15:54:29] on_release: Key.enter
[2026-08-07 15:54:33] on_click (press): Button.left (run_enabled=False)
[2026-08-07 15:54:33] on_click (release): Button.left
[2026-08-07 15:54:35] on_click (press): Button.left (run_enabled=False)
[2026-08-07 15:54:35] on_click (release): Button.left
[2026-08-07 15:54:36] on_press: Key.ctrl_l (run_enabled=False)
[2026-08-07 15:54:36] on_press: '\x16' (run_enabled=False)
[2026-08-07 15:54:36] on_release: '\x16'
[2026-08-07 15:54:36] on_release: Key.ctrl_l
[2026-08-07 15:54:38] on_click (press): Button.left (run_enabled=False)
[2026-08-07 15:54:38] on_click (release): Button.left
[2026-08-07 15:54:39] on_click (press): Button.left (run_enabled=False)
[2026-08-07 15:54:40] on_click (release): Button.left
[2026-08-07 15:54:40] on_click (press): Button.left (run_enabled=False)
[2026-08-07 15:54:40] on_click (release): Button.left
[2026-08-07 15:54:41] on_click (press): Button.left (run_enabled=False)
[2026-08-07 15:54:41] on_click (release): Button.left
[2026-08-07 15:54:41] on_press: Key.ctrl_l (run_enabled=False)
[2026-08-07 15:54:41] on_press: '\x01' (run_enabled=False)
[2026-08-07 15:54:41] on_release: '\x01'
[2026-08-07 15:54:41] on_press: '\x03' (run_enabled=False)
[2026-08-07 15:54:42] on_release: '\x03'
[2026-08-07 15:54:42] on_release: Key.ctrl_l
[2026-08-07 15:54:42] on_click (press): Button.left (run_enabled=False)
[2026-08-07 15:54:42] on_click (release): Button.left
[2026-08-07 15:54:43] on_click (press): Button.left (run_enabled=False)
[2026-08-07 15:54:44] on_click (release): Button.left
[2026-08-07 15:54:44] on_press: Key.ctrl_l (run_enabled=False)
[2026-08-07 15:54:44] on_press: '\x16' (run_enabled=False)
[2026-08-07 15:54:44] on_release: '\x16'
[2026-08-07 15:54:44] on_release: Key.ctrl_l
[2026-08-07 15:54:45] on_click (press): Button.left (run_enabled=False)
[2026-08-07 15:54:46] on_click (release): Button.left
[2026-08-07 15:54:46] on_press: Key.ctrl_l (run_enabled=False)
[2026-08-07 15:54:47] on_press: '\x18' (run_enabled=False)
[2026-08-07 15:54:47] on_release: '\x18'
[2026-08-07 15:54:47] on_release: Key.ctrl_l
[2026-08-07 15:54:48] on_click (press): Button.left (run_enabled=False)
[2026-08-07 15:54:48] on_click (release): Button.left
[2026-08-07 15:54:48] on_click (press): Button.right (run_enabled=False)
[2026-08-07 15:54:48] on_click (release): Button.right
[2026-08-07 15:54:49] on_press: Key.enter (run_enabled=False)
[2026-08-07 15:54:49] on_release: Key.enter
[2026-08-07 15:54:51] on_click (press): Button.left (run_enabled=False)
[2026-08-07 15:54:52] on_click (release): Button.left
[2026-08-07 15:54:53] on_click (press): Button.left (run_enabled=False)
[2026-08-07 15:54:53] on_click (release): Button.left
[2026-08-07 15:54:53] on_click (press): Button.left (run_enabled=False)
[2026-08-07 15:54:53] on_click (release): Button.left
[2026-08-07 15:54:56] on_click (press): Button.left (run_enabled=False)
[2026-08-07 15:54:56] on_click (release): Button.left
[2026-08-07 15:54:57] on_click (press): Button.left (run_enabled=False)
[2026-08-07 15:54:57] on_click (release): Button.left
[2026-08-07 15:54:58] on_click (press): Button.left (run_enabled=False)
[2026-08-07 15:54:58] on_click (release): Button.left
[2026-08-07 15:54:59] on_click (press): Button.left (run_enabled=False)
[2026-08-07 15:54:59] on_click (release): Button.left
[2026-08-07 15:55:04] on_click (press): Button.left (run_enabled=False)
[2026-08-07 15:55:04] on_click (release): Button.left
[2026-08-07 15:55:07] on_click (press): Button.left (run_enabled=False)
[2026-08-07 15:55:07] on_click (release): Button.left
[2026-08-07 15:55:10] on_click (press): Button.left (run_enabled=False)
[2026-08-07 15:55:10] on_click (release): Button.left
[2026-08-07 15:55:11] on_click (press): Button.left (run_enabled=False)
[2026-08-07 15:55:11] on_click (release): Button.left
[2026-08-07 15:55:12] on_press: Key.alt_l (run_enabled=False)
[2026-08-07 15:55:12] on_press: Key.tab (run_enabled=False)
[2026-08-07 15:55:12] on_release: Key.alt_l
[2026-08-07 15:55:12] on_release: Key.tab
[2026-08-07 15:55:19] on_press: Key.alt_l (run_enabled=False)
[2026-08-07 15:55:19] on_press: Key.tab (run_enabled=False)
[2026-08-07 15:55:19] on_release: Key.tab
[2026-08-07 15:55:19] on_release: Key.alt_l
[2026-08-07 15:55:20] on_click (press): Button.left (run_enabled=False)
[2026-08-07 15:55:22] on_click (release): Button.left
[2026-08-07 15:55:23] on_press: Key.ctrl_l (run_enabled=False)
[2026-08-07 15:55:23] on_press: '\x16' (run_enabled=False)
[2026-08-07 15:55:23] on_release: '\x16'
[2026-08-07 15:55:23] on_release: Key.ctrl_l
[2026-08-07 15:55:24] on_click (press): Button.right (run_enabled=False)
[2026-08-07 15:55:24] on_click (release): Button.right
[2026-08-07 15:55:26] on_click (press): Button.left (run_enabled=False)
[2026-08-07 15:55:26] on_click (release): Button.left
[2026-08-07 15:55:27] on_click (press): Button.left (run_enabled=False)
[2026-08-07 15:55:27] on_click (release): Button.left
[2026-08-07 15:55:28] on_click (press): Button.left (run_enabled=False)
[2026-08-07 15:55:28] on_click (release): Button.left
[2026-08-07 15:55:28] on_click (press): Button.left (run_enabled=False)
[2026-08-07 15:55:28] on_click (release): Button.left
[2026-08-07 15:55:29] on_click (press): Button.left (run_enabled=False)
[2026-08-07 15:55:29] on_click (release): Button.left
[2026-08-07 15:55:29] on_click (press): Button.left (run_enabled=False)
[2026-08-07 15:55:29] on_click (release): Button.left
[2026-08-07 15:55:29] on_press: Key.ctrl_l (run_enabled=False)
[2026-08-07 15:55:29] on_press: '\x13' (run_enabled=False)
[2026-08-07 15:55:29] on_release: '\x13'
[2026-08-07 15:55:29] on_release: Key.ctrl_l
[2026-08-07 15:55:30] on_click (press): Button.left (run_enabled=False)
[2026-08-07 15:55:30] on_click (release): Button.left
[2026-08-07 15:55:32] on_click (press): Button.left (run_enabled=False)
[2026-08-07 15:55:32] on_click (release): Button.left
[2026-08-07 15:55:32] on_click (press): Button.left (run_enabled=False)
[2026-08-07 15:55:33] on_click (release): Button.left
[2026-08-07 15:55:34] on_click (press): Button.left (run_enabled=False)
[2026-08-07 15:55:34] on_click (release): Button.left
[2026-08-07 15:55:34] on_click (press): Button.left (run_enabled=False)
[2026-08-07 15:55:34] on_click (release): Button.left
[2026-08-07 15:55:36] on_click (press): Button.left (run_enabled=False)
[2026-08-07 15:55:36] on_click (release): Button.left
[2026-08-07 15:55:42] apply_all_bindings called with: {}
[2026-08-07 15:55:43] on_click (press): Button.left (run_enabled=False)
[2026-08-07 15:55:43] on_click (release): Button.left
[2026-08-07 15:55:44] on_click (press): Button.left (run_enabled=False)
[2026-08-07 15:55:44] on_click (release): Button.left
[2026-08-07 15:55:48] on_click (press): Button.left (run_enabled=False)
[2026-08-07 15:55:48] on_click (release): Button.left
[2026-08-07 15:55:49] on_click (press): Button.left (run_enabled=False)
[2026-08-07 15:55:49] on_click (release): Button.left
[2026-08-07 15:55:52] on_click (press): Button.left (run_enabled=False)
[2026-08-07 15:55:52] on_click (release): Button.left
[2026-08-07 15:55:55] on_click (press): Button.left (run_enabled=False)
[2026-08-07 15:55:55] on_click (release): Button.left
[2026-08-07 15:55:56] on_click (press): Button.left (run_enabled=False)
[2026-08-07 15:55:56] on_click (release): Button.left
[2026-08-07 15:55:58] on_click (press): Button.left (run_enabled=False)
[2026-08-07 15:55:58] on_click (release): Button.left
[2026-08-07 15:56:00] on_click (press): Button.left (run_enabled=False)
[2026-08-07 15:56:00] on_click (release): Button.left
[2026-08-07 15:56:01] on_click (press): Button.left (run_enabled=False)
[2026-08-07 15:56:01] on_click (release): Button.left
[2026-08-07 15:56:07] on_click (press): Button.left (run_enabled=False)
[2026-08-07 15:56:07] on_click (release): Button.left
[2026-08-07 15:56:07] on_click (press): Button.left (run_enabled=False)
[2026-08-07 15:56:08] on_click (release): Button.left
[2026-08-07 15:56:09] on_click (press): Button.left (run_enabled=False)
[2026-08-07 15:56:09] on_click (release): Button.left
[2026-08-07 15:56:10] on_click (press): Button.left (run_enabled=False)
[2026-08-07 15:56:10] on_click (release): Button.left
[2026-08-07 15:56:23] on_click (press): Button.left (run_enabled=False)
[2026-08-07 15:56:24] on_click (release): Button.left
[2026-08-07 15:56:24] on_click (press): Button.left (run_enabled=False)
[2026-08-07 15:56:24] on_click (release): Button.left
[2026-08-07 15:56:35] on_click (press): Button.left (run_enabled=False)
[2026-08-07 15:56:35] on_click (release): Button.left
[2026-08-07 15:56:40] on_click (press): Button.left (run_enabled=False)
[2026-08-07 15:56:41] on_click (release): Button.left
[2026-08-07 15:56:51] on_click (press): Button.left (run_enabled=False)
[2026-08-07 15:56:51] on_click (release): Button.left
[2026-08-07 15:56:52] on_press: Key.ctrl_l (run_enabled=False)
[2026-08-07 15:56:52] on_release: Key.ctrl_l
[2026-08-07 15:56:52] on_press: Key.ctrl_l (run_enabled=False)
[2026-08-07 15:56:53] on_press: '\x1a' (run_enabled=False)
[2026-08-07 15:56:53] on_release: '\x1a'
[2026-08-07 15:56:53] on_press: '\x1a' (run_enabled=False)
[2026-08-07 15:56:53] on_release: '\x1a'
[2026-08-07 15:56:54] on_release: Key.ctrl_l
[2026-08-07 15:56:55] on_press: Key.ctrl_l (run_enabled=False)
[2026-08-07 15:56:56] on_press: Key.ctrl_l (run_enabled=False)
[2026-08-07 15:56:56] on_press: Key.ctrl_l (run_enabled=False)
[2026-08-07 15:56:56] on_press: Key.ctrl_l (run_enabled=False)
[2026-08-07 15:56:56] on_press: Key.ctrl_l (run_enabled=False)
[2026-08-07 15:56:56] on_press: Key.ctrl_l (run_enabled=False)
[2026-08-07 15:56:56] on_press: Key.ctrl_l (run_enabled=False)
[2026-08-07 15:56:56] on_press: Key.ctrl_l (run_enabled=False)
[2026-08-07 15:56:56] on_press: Key.ctrl_l (run_enabled=False)
[2026-08-07 15:56:56] on_press: Key.ctrl_l (run_enabled=False)
[2026-08-07 15:56:56] on_press: Key.ctrl_l (run_enabled=False)
[2026-08-07 15:56:56] on_press: Key.ctrl_l (run_enabled=False)
[2026-08-07 15:56:56] on_press: Key.ctrl_l (run_enabled=False)
[2026-08-07 15:56:56] on_press: Key.ctrl_l (run_enabled=False)
[2026-08-07 15:56:56] on_press: Key.ctrl_l (run_enabled=False)
[2026-08-07 15:56:56] on_press: Key.ctrl_l (run_enabled=False)
[2026-08-07 15:56:56] on_press: Key.ctrl_l (run_enabled=False)
[2026-08-07 15:56:56] on_press: Key.ctrl_l (run_enabled=False)
[2026-08-07 15:56:56] on_press: Key.ctrl_l (run_enabled=False)
[2026-08-07 15:56:56] on_press: Key.ctrl_l (run_enabled=False)
[2026-08-07 15:56:56] on_press: Key.ctrl_l (run_enabled=False)
[2026-08-07 15:56:56] on_press: Key.ctrl_l (run_enabled=False)
[2026-08-07 15:56:56] on_press: Key.ctrl_l (run_enabled=False)
[2026-08-07 15:56:57] on_press: Key.ctrl_l (run_enabled=False)
[2026-08-07 15:56:57] on_press: Key.ctrl_l (run_enabled=False)
[2026-08-07 15:56:57] on_press: Key.ctrl_l (run_enabled=False)
[2026-08-07 15:56:57] on_press: Key.ctrl_l (run_enabled=False)
[2026-08-07 15:56:57] on_press: Key.ctrl_l (run_enabled=False)
[2026-08-07 15:56:57] on_press: Key.ctrl_l (run_enabled=False)
[2026-08-07 15:56:57] on_press: Key.ctrl_l (run_enabled=False)
[2026-08-07 15:56:57] on_press: Key.ctrl_l (run_enabled=False)
[2026-08-07 15:56:57] on_press: Key.ctrl_l (run_enabled=False)
[2026-08-07 15:56:57] on_press: Key.ctrl_l (run_enabled=False)
[2026-08-07 15:56:57] on_press: Key.ctrl_l (run_enabled=False)
[2026-08-07 15:56:57] on_press: Key.ctrl_l (run_enabled=False)
[2026-08-07 15:56:57] on_press: Key.ctrl_l (run_enabled=False)
[2026-08-07 15:56:57] on_press: Key.ctrl_l (run_enabled=False)
[2026-08-07 15:56:57] on_press: Key.ctrl_l (run_enabled=False)
[2026-08-07 15:56:57] on_press: Key.ctrl_l (run_enabled=False)
[2026-08-07 15:56:57] on_press: Key.ctrl_l (run_enabled=False)
[2026-08-07 15:56:57] on_press: Key.ctrl_l (run_enabled=False)
[2026-08-07 15:56:57] on_press: Key.ctrl_l (run_enabled=False)
[2026-08-07 15:56:57] on_press: Key.ctrl_l (run_enabled=False)
[2026-08-07 15:56:57] on_press: Key.ctrl_l (run_enabled=False)
[2026-08-07 15:56:57] on_press: Key.ctrl_l (run_enabled=False)
[2026-08-07 15:56:57] on_press: Key.ctrl_l (run_enabled=False)
[2026-08-07 15:56:57] on_release: Key.ctrl_l
[2026-08-07 15:56:59] on_click (press): Button.left (run_enabled=False)
[2026-08-07 15:56:59] on_click (release): Button.left
[2026-08-07 15:57:00] on_click (press): Button.left (run_enabled=False)
[2026-08-07 15:57:01] on_click (release): Button.left
[2026-08-07 15:57:01] on_press: Key.ctrl_l (run_enabled=False)
[2026-08-07 15:57:02] on_press: Key.ctrl_l (run_enabled=False)
[2026-08-07 15:57:02] on_press: Key.ctrl_l (run_enabled=False)
[2026-08-07 15:57:02] on_press: Key.ctrl_l (run_enabled=False)
[2026-08-07 15:57:02] on_press: Key.ctrl_l (run_enabled=False)
[2026-08-07 15:57:02] on_press: Key.ctrl_l (run_enabled=False)
[2026-08-07 15:57:02] on_press: Key.ctrl_l (run_enabled=False)
[2026-08-07 15:57:02] on_press: Key.ctrl_l (run_enabled=False)
[2026-08-07 15:57:02] on_press: Key.ctrl_l (run_enabled=False)
[2026-08-07 15:57:02] on_press: Key.ctrl_l (run_enabled=False)
[2026-08-07 15:57:02] on_press: Key.ctrl_l (run_enabled=False)
[2026-08-07 15:57:02] on_press: Key.ctrl_l (run_enabled=False)
[2026-08-07 15:57:02] on_press: Key.ctrl_l (run_enabled=False)
[2026-08-07 15:57:02] on_press: Key.ctrl_l (run_enabled=False)
[2026-08-07 15:57:02] on_press: Key.ctrl_l (run_enabled=False)
[2026-08-07 15:57:02] on_press: Key.ctrl_l (run_enabled=False)
[2026-08-07 15:57:02] on_press: Key.ctrl_l (run_enabled=False)
[2026-08-07 15:57:02] on_press: Key.ctrl_l (run_enabled=False)
[2026-08-07 15:57:02] on_press: Key.ctrl_l (run_enabled=False)
[2026-08-07 15:57:02] on_press: Key.ctrl_l (run_enabled=False)
[2026-08-07 15:57:02] on_press: Key.ctrl_l (run_enabled=False)
[2026-08-07 15:57:02] on_press: Key.ctrl_l (run_enabled=False)
[2026-08-07 15:57:02] on_press: Key.ctrl_l (run_enabled=False)
[2026-08-07 15:57:02] on_press: '\x16' (run_enabled=False)
[2026-08-07 15:57:03] on_release: '\x16'
[2026-08-07 15:57:03] on_release: Key.ctrl_l
[2026-08-07 15:57:04] on_click (press): Button.left (run_enabled=False)
[2026-08-07 15:57:04] on_click (release): Button.left
[2026-08-07 15:57:05] on_press: Key.tab (run_enabled=False)
[2026-08-07 15:57:05] on_release: Key.tab
[2026-08-07 15:57:06] on_click (press): Button.left (run_enabled=False)
[2026-08-07 15:57:06] on_click (release): Button.left
[2026-08-07 15:57:06] on_click (press): Button.left (run_enabled=False)
[2026-08-07 15:57:07] on_click (release): Button.left
[2026-08-07 15:57:09] on_click (press): Button.left (run_enabled=False)
[2026-08-07 15:57:09] on_click (release): Button.left
[2026-08-07 15:57:09] on_press: Key.tab (run_enabled=False)
[2026-08-07 15:57:09] on_release: Key.tab
[2026-08-07 15:57:10] on_click (press): Button.right (run_enabled=False)
[2026-08-07 15:57:10] on_click (release): Button.right
[2026-08-07 15:57:12] on_click (press): Button.left (run_enabled=False)
[2026-08-07 15:57:12] on_click (release): Button.left
[2026-08-07 15:57:15] on_click (press): Button.left (run_enabled=False)
[2026-08-07 15:57:16] on_click (release): Button.left
[2026-08-07 15:57:16] on_click (press): Button.left (run_enabled=False)
[2026-08-07 15:57:17] on_click (release): Button.left
[2026-08-07 15:57:17] on_press: Key.ctrl_l (run_enabled=False)
[2026-08-07 15:57:17] on_press: '\x13' (run_enabled=False)
[2026-08-07 15:57:17] on_release: '\x13'
[2026-08-07 15:57:17] on_release: Key.ctrl_l
[2026-08-07 15:57:18] on_click (press): Button.left (run_enabled=False)
[2026-08-07 15:57:18] on_click (release): Button.left
[2026-08-07 15:57:19] on_click (press): Button.left (run_enabled=False)
[2026-08-07 15:57:19] on_click (release): Button.left
[2026-08-07 15:57:21] on_click (press): Button.left (run_enabled=False)
[2026-08-07 15:57:21] on_click (release): Button.left
[2026-08-07 15:57:22] on_click (press): Button.left (run_enabled=False)
[2026-08-07 15:57:22] on_click (release): Button.left
[2026-08-07 15:57:22] on_click (press): Button.left (run_enabled=False)
[2026-08-07 15:57:23] on_click (release): Button.left
[2026-08-07 15:57:27] apply_all_bindings called with: {}
[2026-08-07 15:57:29] on_click (press): Button.left (run_enabled=False)
[2026-08-07 15:57:29] on_click (release): Button.left
[2026-08-07 15:57:30] on_click (press): Button.left (run_enabled=False)
[2026-08-07 15:57:30] on_click (release): Button.left
[2026-08-07 15:57:52] on_press: Key.alt_l (run_enabled=False)
[2026-08-07 15:57:52] on_press: Key.tab (run_enabled=False)
[2026-08-07 15:57:52] on_release: Key.tab
[2026-08-07 15:57:53] on_click (press): Button.left (run_enabled=False)
[2026-08-07 15:57:53] on_click (release): Button.left
[2026-08-07 15:57:53] on_release: Key.alt_l
[2026-08-07 15:57:54] on_click (press): Button.left (run_enabled=False)
[2026-08-07 15:57:54] on_click (release): Button.left
[2026-08-07 15:57:56] on_click (press): Button.left (run_enabled=False)
[2026-08-07 15:57:56] on_click (release): Button.left
[2026-08-07 15:57:57] on_click (press): Button.left (run_enabled=False)
[2026-08-07 15:57:57] on_click (release): Button.left
[2026-08-07 15:57:57] on_click (press): Button.left (run_enabled=False)
[2026-08-07 15:57:58] on_click (release): Button.left
[2026-08-07 15:57:58] on_click (press): Button.left (run_enabled=False)
[2026-08-07 15:57:58] on_click (release): Button.left
[2026-08-07 15:57:59] on_click (press): Button.left (run_enabled=False)
[2026-08-07 15:57:59] on_click (release): Button.left
[2026-08-07 15:58:03] on_click (press): Button.left (run_enabled=False)
[2026-08-07 15:58:03] on_click (release): Button.left
[2026-08-07 15:58:04] on_press: Key.alt_l (run_enabled=False)
[2026-08-07 15:58:04] on_press: Key.tab (run_enabled=False)
[2026-08-07 15:58:04] on_release: Key.tab
[2026-08-07 15:58:04] on_release: Key.alt_l
[2026-08-07 15:58:05] on_press: Key.alt_l (run_enabled=False)
[2026-08-07 15:58:05] on_press: Key.tab (run_enabled=False)
[2026-08-07 15:58:05] on_release: Key.tab
[2026-08-07 15:58:05] on_release: Key.alt_l
[2026-08-07 15:58:05] on_press: Key.alt_l (run_enabled=False)
[2026-08-07 15:58:05] on_press: Key.tab (run_enabled=False)
[2026-08-07 15:58:05] on_release: Key.tab
[2026-08-07 15:58:05] on_press: Key.tab (run_enabled=False)
[2026-08-07 15:58:05] on_release: Key.tab
[2026-08-07 15:58:05] on_press: Key.tab (run_enabled=False)
[2026-08-07 15:58:06] on_release: Key.tab
[2026-08-07 15:58:06] on_click (press): Button.left (run_enabled=False)
[2026-08-07 15:58:06] on_click (release): Button.left
[2026-08-07 15:58:06] on_release: Key.alt_l
[2026-08-07 15:58:06] on_press: Key.alt_l (run_enabled=False)
[2026-08-07 15:58:06] on_press: Key.tab (run_enabled=False)
[2026-08-07 15:58:07] on_release: Key.tab
[2026-08-07 15:58:07] on_press: Key.tab (run_enabled=False)
[2026-08-07 15:58:07] on_release: Key.tab
[2026-08-07 15:58:07] on_press: Key.tab (run_enabled=False)
[2026-08-07 15:58:07] on_release: Key.tab
[2026-08-07 15:58:07] on_press: Key.tab (run_enabled=False)
[2026-08-07 15:58:07] on_release: Key.tab
[2026-08-07 15:58:07] on_click (press): Button.left (run_enabled=False)
[2026-08-07 15:58:08] on_click (release): Button.left
[2026-08-07 15:58:08] on_release: Key.alt_l
[2026-08-07 15:58:09] on_click (press): Button.left (run_enabled=False)
[2026-08-07 15:58:09] on_click (release): Button.left
[2026-08-07 15:58:09] on_click (press): Button.left (run_enabled=False)
[2026-08-07 15:58:09] on_click (release): Button.left
[2026-08-07 15:58:12] on_click (press): Button.left (run_enabled=False)
[2026-08-07 15:58:12] on_click (release): Button.left
[2026-08-07 15:58:18] on_click (press): Button.left (run_enabled=False)
[2026-08-07 15:58:18] on_click (release): Button.left
[2026-08-07 15:58:19] on_click (press): Button.left (run_enabled=False)
[2026-08-07 15:58:19] on_click (release): Button.left
[2026-08-07 15:58:20] on_click (press): Button.left (run_enabled=False)
[2026-08-07 15:58:20] on_click (release): Button.left
[2026-08-07 15:58:24] on_click (press): Button.left (run_enabled=False)
[2026-08-07 15:58:24] on_click (release): Button.left
[2026-08-07 15:58:25] on_press: Key.alt_l (run_enabled=False)
[2026-08-07 15:58:25] on_press: Key.tab (run_enabled=False)
[2026-08-07 15:58:25] on_release: Key.alt_l
[2026-08-07 15:58:25] on_release: Key.tab
[2026-08-07 15:58:38] on_click (press): Button.left (run_enabled=False)
[2026-08-07 15:58:38] on_click (release): Button.left
[2026-08-07 15:58:40] on_press: 'w' (run_enabled=False)
[2026-08-07 15:58:40] on_release: 'w'
[2026-08-07 15:58:40] on_press: 'm' (run_enabled=False)
[2026-08-07 15:58:40] on_release: 'm'
[2026-08-07 15:58:42] on_click (press): Button.left (run_enabled=False)
[2026-08-07 15:58:42] on_click (release): Button.left
[2026-08-07 15:58:42] on_click (press): Button.left (run_enabled=False)
[2026-08-07 15:58:43] on_click (release): Button.left
[2026-08-07 15:58:43] on_click (press): Button.left (run_enabled=False)
[2026-08-07 15:58:43] on_click (release): Button.left
[2026-08-07 15:58:44] on_click (press): Button.left (run_enabled=False)
[2026-08-07 15:58:44] on_click (release): Button.left
[2026-08-07 15:58:44] on_press: Key.alt_l (run_enabled=False)
[2026-08-07 15:58:44] on_press: Key.tab (run_enabled=False)
[2026-08-07 15:58:45] on_release: Key.alt_l
[2026-08-07 15:58:45] on_release: Key.tab
[2026-08-07 15:58:47] on_click (press): Button.left (run_enabled=False)
[2026-08-07 15:58:47] on_click (release): Button.left
[2026-08-07 15:58:48] on_press: 'w' (run_enabled=False)
[2026-08-07 15:58:48] on_click (press): Button.right (run_enabled=False)
[2026-08-07 15:58:48] on_click (release): Button.right
[2026-08-07 15:58:48] on_press: 'a' (run_enabled=False)
[2026-08-07 15:58:48] on_release: 'a'
[2026-08-07 15:58:49] on_release: 'w'
[2026-08-07 15:58:49] on_press: 'w' (run_enabled=False)
[2026-08-07 15:58:49] on_press: 'a' (run_enabled=False)
[2026-08-07 15:58:49] on_release: 'a'
[2026-08-07 15:58:49] on_press: 'a' (run_enabled=False)
[2026-08-07 15:58:49] on_click (press): Button.right (run_enabled=False)
[2026-08-07 15:58:49] on_click (release): Button.right
[2026-08-07 15:58:50] on_release: 'a'
[2026-08-07 15:58:50] on_release: 'w'
[2026-08-07 15:58:50] on_press: 'w' (run_enabled=False)
[2026-08-07 15:58:50] on_click (press): Button.right (run_enabled=False)
[2026-08-07 15:58:50] on_press: 'w' (run_enabled=False)
[2026-08-07 15:58:51] on_click (release): Button.right
[2026-08-07 15:58:51] on_press: 'w' (run_enabled=False)
[2026-08-07 15:58:51] on_press: 'w' (run_enabled=False)
[2026-08-07 15:58:51] on_press: 'w' (run_enabled=False)
[2026-08-07 15:58:51] on_press: 'w' (run_enabled=False)
[2026-08-07 15:58:51] on_press: 'w' (run_enabled=False)
[2026-08-07 15:58:51] on_press: 'w' (run_enabled=False)
[2026-08-07 15:58:51] on_press: 'w' (run_enabled=False)
[2026-08-07 15:58:51] on_press: 'w' (run_enabled=False)
[2026-08-07 15:58:51] on_press: 'w' (run_enabled=False)
[2026-08-07 15:58:51] on_press: 'w' (run_enabled=False)
[2026-08-07 15:58:51] on_press: 'w' (run_enabled=False)
[2026-08-07 15:58:51] on_press: 'w' (run_enabled=False)
[2026-08-07 15:58:51] on_press: 'w' (run_enabled=False)
[2026-08-07 15:58:51] on_press: 'w' (run_enabled=False)
[2026-08-07 15:58:51] on_press: 'w' (run_enabled=False)
[2026-08-07 15:58:51] on_press: 'w' (run_enabled=False)
[2026-08-07 15:58:51] on_press: 'w' (run_enabled=False)
[2026-08-07 15:58:51] on_press: 'w' (run_enabled=False)
[2026-08-07 15:58:51] on_press: 'w' (run_enabled=False)
[2026-08-07 15:58:51] on_press: 'w' (run_enabled=False)
[2026-08-07 15:58:51] on_press: 'w' (run_enabled=False)
[2026-08-07 15:58:51] on_press: 'w' (run_enabled=False)
[2026-08-07 15:58:51] on_press: 'w' (run_enabled=False)
[2026-08-07 15:58:51] on_click (press): Button.right (run_enabled=False)
[2026-08-07 15:58:51] on_press: 'w' (run_enabled=False)
[2026-08-07 15:58:51] on_press: 'w' (run_enabled=False)
[2026-08-07 15:58:51] on_click (release): Button.right
[2026-08-07 15:58:51] on_press: 'w' (run_enabled=False)
[2026-08-07 15:58:51] on_press: 'w' (run_enabled=False)
[2026-08-07 15:58:51] on_press: 'w' (run_enabled=False)
[2026-08-07 15:58:51] on_press: 'w' (run_enabled=False)
[2026-08-07 15:58:51] on_press: 'w' (run_enabled=False)
[2026-08-07 15:58:52] on_press: 'w' (run_enabled=False)
[2026-08-07 15:58:52] on_press: 'w' (run_enabled=False)
[2026-08-07 15:58:52] on_press: 'w' (run_enabled=False)
[2026-08-07 15:58:52] on_press: 'w' (run_enabled=False)
[2026-08-07 15:58:52] on_press: 'w' (run_enabled=False)
[2026-08-07 15:58:52] on_press: 'w' (run_enabled=False)
[2026-08-07 15:58:52] on_press: 'w' (run_enabled=False)
[2026-08-07 15:58:52] on_press: 'w' (run_enabled=False)
[2026-08-07 15:58:52] on_press: 'w' (run_enabled=False)
[2026-08-07 15:58:52] on_press: 'w' (run_enabled=False)
[2026-08-07 15:58:52] on_press: 'w' (run_enabled=False)
[2026-08-07 15:58:52] on_press: 'w' (run_enabled=False)
[2026-08-07 15:58:52] on_press: 'w' (run_enabled=False)
[2026-08-07 15:58:52] on_click (press): Button.right (run_enabled=False)
[2026-08-07 15:58:52] on_press: 'w' (run_enabled=False)
[2026-08-07 15:58:52] on_press: 'w' (run_enabled=False)
[2026-08-07 15:58:52] on_press: 'a' (run_enabled=False)
[2026-08-07 15:58:52] on_click (release): Button.right
[2026-08-07 15:58:52] on_release: 'a'
[2026-08-07 15:58:53] on_press: 'e' (run_enabled=False)
[2026-08-07 15:58:53] on_press: 'e' (run_enabled=False)
[2026-08-07 15:58:53] on_press: 'e' (run_enabled=False)
[2026-08-07 15:58:53] on_press: 'e' (run_enabled=False)
[2026-08-07 15:58:53] on_press: 'e' (run_enabled=False)
[2026-08-07 15:58:53] on_press: 'e' (run_enabled=False)
[2026-08-07 15:58:53] on_press: 'e' (run_enabled=False)
[2026-08-07 15:58:53] on_press: 'e' (run_enabled=False)
[2026-08-07 15:58:53] on_press: 'e' (run_enabled=False)
[2026-08-07 15:58:53] on_press: 'e' (run_enabled=False)
[2026-08-07 15:58:53] on_press: 'e' (run_enabled=False)
[2026-08-07 15:58:53] on_press: 'e' (run_enabled=False)
[2026-08-07 15:58:53] on_press: 'e' (run_enabled=False)
[2026-08-07 15:58:53] on_press: 'e' (run_enabled=False)
[2026-08-07 15:58:54] on_press: 'e' (run_enabled=False)
[2026-08-07 15:58:54] on_press: 'e' (run_enabled=False)
[2026-08-07 15:58:54] on_press: 'e' (run_enabled=False)
[2026-08-07 15:58:54] on_press: 'e' (run_enabled=False)
[2026-08-07 15:58:54] on_press: 'e' (run_enabled=False)
[2026-08-07 15:58:54] on_press: 'e' (run_enabled=False)
[2026-08-07 15:58:54] on_press: 'e' (run_enabled=False)
[2026-08-07 15:58:54] on_press: 'e' (run_enabled=False)
[2026-08-07 15:58:54] on_press: 'e' (run_enabled=False)
[2026-08-07 15:58:54] on_press: 'e' (run_enabled=False)
[2026-08-07 15:58:54] on_press: 'e' (run_enabled=False)
[2026-08-07 15:58:54] on_press: 'e' (run_enabled=False)
[2026-08-07 15:58:54] on_press: 'e' (run_enabled=False)
[2026-08-07 15:58:54] on_press: 'e' (run_enabled=False)
[2026-08-07 15:58:54] on_release: 'e'
[2026-08-07 15:58:56] on_click (press): Button.right (run_enabled=False)
[2026-08-07 15:58:56] on_click (release): Button.right
[2026-08-07 15:58:57] on_click (press): Button.right (run_enabled=False)
[2026-08-07 15:58:57] on_click (release): Button.right
[2026-08-07 15:58:58] on_press: '4' (run_enabled=False)
[2026-08-07 15:58:58] on_release: '4'
[2026-08-07 15:58:58] on_press: 'a' (run_enabled=False)
[2026-08-07 15:58:58] on_release: 'a'
[2026-08-07 15:58:58] on_press: Key.space (run_enabled=False)
[2026-08-07 15:58:59] on_press: Key.space (run_enabled=False)
[2026-08-07 15:58:59] on_press: Key.space (run_enabled=False)
[2026-08-07 15:58:59] on_press: Key.space (run_enabled=False)
[2026-08-07 15:58:59] on_press: Key.space (run_enabled=False)
[2026-08-07 15:58:59] on_press: Key.space (run_enabled=False)
[2026-08-07 15:58:59] on_press: Key.space (run_enabled=False)
[2026-08-07 15:58:59] on_press: Key.space (run_enabled=False)
[2026-08-07 15:58:59] on_press: Key.space (run_enabled=False)
[2026-08-07 15:58:59] on_press: Key.space (run_enabled=False)
[2026-08-07 15:58:59] on_press: Key.space (run_enabled=False)
[2026-08-07 15:58:59] on_press: 'd' (run_enabled=False)
[2026-08-07 15:59:00] on_release: Key.space
[2026-08-07 15:59:00] on_release: 'd'
[2026-08-07 15:59:00] on_press: Key.space (run_enabled=False)
[2026-08-07 15:59:00] on_release: Key.space
[2026-08-07 15:59:01] on_press: 'd' (run_enabled=False)
[2026-08-07 15:59:01] on_release: 'w'
[2026-08-07 15:59:01] on_press: 'a' (run_enabled=False)
[2026-08-07 15:59:01] on_release: 'd'
[2026-08-07 15:59:01] on_press: 'w' (run_enabled=False)
[2026-08-07 15:59:01] on_release: 'a'
[2026-08-07 15:59:01] on_press: Key.space (run_enabled=False)
[2026-08-07 15:59:01] on_press: 'a' (run_enabled=False)
[2026-08-07 15:59:02] on_release: Key.space
[2026-08-07 15:59:02] on_press: 'a' (run_enabled=False)
[2026-08-07 15:59:02] on_press: 'a' (run_enabled=False)
[2026-08-07 15:59:02] on_press: 'a' (run_enabled=False)
[2026-08-07 15:59:02] on_press: 'a' (run_enabled=False)
[2026-08-07 15:59:02] on_press: 'a' (run_enabled=False)
[2026-08-07 15:59:02] on_press: 'a' (run_enabled=False)
[2026-08-07 15:59:02] on_press: 'a' (run_enabled=False)
[2026-08-07 15:59:02] on_press: 'a' (run_enabled=False)
[2026-08-07 15:59:02] on_press: 'a' (run_enabled=False)
[2026-08-07 15:59:02] on_press: 'a' (run_enabled=False)
[2026-08-07 15:59:03] on_press: 'a' (run_enabled=False)
[2026-08-07 15:59:03] on_press: 'a' (run_enabled=False)
[2026-08-07 15:59:03] on_press: 'a' (run_enabled=False)
[2026-08-07 15:59:03] on_press: 'a' (run_enabled=False)
[2026-08-07 15:59:03] on_press: 'a' (run_enabled=False)
[2026-08-07 15:59:03] on_press: 'a' (run_enabled=False)
[2026-08-07 15:59:03] on_press: 'a' (run_enabled=False)
[2026-08-07 15:59:03] on_press: 'a' (run_enabled=False)
[2026-08-07 15:59:03] on_press: 'a' (run_enabled=False)
[2026-08-07 15:59:03] on_press: 'a' (run_enabled=False)
[2026-08-07 15:59:03] on_press: 'a' (run_enabled=False)
[2026-08-07 15:59:03] on_press: 'a' (run_enabled=False)
[2026-08-07 15:59:03] on_press: 'a' (run_enabled=False)
[2026-08-07 15:59:03] on_press: 'a' (run_enabled=False)
[2026-08-07 15:59:03] on_press: 'a' (run_enabled=False)
[2026-08-07 15:59:03] on_press: 'a' (run_enabled=False)
[2026-08-07 15:59:03] on_press: 'a' (run_enabled=False)
[2026-08-07 15:59:03] on_release: 'a'
[2026-08-07 15:59:04] on_click (press): Button.right (run_enabled=False)
[2026-08-07 15:59:04] on_click (release): Button.right
[2026-08-07 15:59:05] on_press: Key.space (run_enabled=False)
[2026-08-07 15:59:05] on_release: Key.space
[2026-08-07 15:59:06] on_click (press): Button.right (run_enabled=False)
[2026-08-07 15:59:06] on_click (release): Button.right
[2026-08-07 15:59:08] on_release: 'w'
[2026-08-07 15:59:08] on_press: 'w' (run_enabled=False)
[2026-08-07 15:59:08] on_release: 'w'
[2026-08-07 15:59:09] on_press: Key.f5 (run_enabled=False)
[2026-08-07 15:59:09] on_release: Key.f5
[2026-08-07 15:59:11] on_press: Key.esc (run_enabled=False)
[2026-08-07 15:59:11] on_release: Key.esc
[2026-08-07 15:59:13] on_press: Key.alt_l (run_enabled=False)
[2026-08-07 15:59:13] on_press: Key.f4 (run_enabled=False)
[2026-08-07 15:59:13] on_release: Key.f4
[2026-08-07 15:59:13] on_release: Key.alt_l
[2026-08-07 15:59:15] on_click (press): Button.left (run_enabled=False)
[2026-08-07 15:59:15] on_click (release): Button.left
[2026-08-07 15:59:16] on_click (press): Button.left (run_enabled=False)
[2026-08-07 15:59:16] on_click (release): Button.left
[2026-08-07 15:59:17] on_click (press): Button.left (run_enabled=False)
[2026-08-07 15:59:17] on_click (release): Button.left
[2026-08-07 15:59:18] on_click (press): Button.left (run_enabled=False)
[2026-08-07 15:59:18] on_click (release): Button.left
[2026-08-07 15:59:20] on_click (press): Button.left (run_enabled=False)
[2026-08-07 15:59:20] on_click (release): Button.left
[2026-08-07 15:59:35] on_click (press): Button.left (run_enabled=False)
[2026-08-07 15:59:35] on_click (release): Button.left
[2026-08-07 15:59:37] on_press: Key.cmd (run_enabled=False)
[2026-08-07 15:59:37] on_release: Key.cmd
[2026-08-07 15:59:38] on_press: 'o' (run_enabled=False)
[2026-08-07 15:59:38] on_release: 'o'
[2026-08-07 15:59:39] on_press: Key.ctrl_l (run_enabled=False)
[2026-08-07 15:59:39] on_press: '\x01' (run_enabled=False)
[2026-08-07 15:59:39] on_release: Key.ctrl_l
[2026-08-07 15:59:39] on_release: 'a'
[2026-08-07 15:59:40] on_press: 'p' (run_enabled=False)
[2026-08-07 15:59:40] on_release: 'p'
[2026-08-07 15:59:41] on_click (press): Button.left (run_enabled=False)
[2026-08-07 15:59:41] on_click (release): Button.left
[2026-08-07 15:59:43] on_press: Key.up (run_enabled=False)
[2026-08-07 15:59:43] on_release: Key.up
[2026-08-07 15:59:44] on_press: Key.enter (run_enabled=False)
[2026-08-07 15:59:44] on_release: Key.enter
[2026-08-07 15:59:48] on_click (press): Button.left (run_enabled=False)
[2026-08-07 15:59:49] on_click (release): Button.left
[2026-08-07 15:59:52] on_click (press): Button.left (run_enabled=False)
[2026-08-07 15:59:52] on_click (release): Button.left
[2026-08-07 16:00:09] on_click (press): Button.left (run_enabled=False)
[2026-08-07 16:00:09] on_click (release): Button.left
[2026-08-07 16:00:17] on_click (press): Button.left (run_enabled=False)
[2026-08-07 16:00:17] on_click (release): Button.left
[2026-08-07 16:00:19] on_click (press): Button.left (run_enabled=False)
[2026-08-07 16:00:19] on_click (release): Button.left
[2026-08-07 16:00:20] on_click (press): Button.left (run_enabled=False)
[2026-08-07 16:00:20] on_click (release): Button.left
[2026-08-07 16:00:21] on_click (press): Button.left (run_enabled=False)
[2026-08-07 16:00:21] on_click (release): Button.left
[2026-08-07 16:00:23] on_click (press): Button.left (run_enabled=False)
[2026-08-07 16:00:23] on_click (release): Button.left
[2026-08-07 16:00:24] on_click (press): Button.left (run_enabled=False)
[2026-08-07 16:00:24] on_click (release): Button.left
[2026-08-07 16:00:25] on_click (press): Button.left (run_enabled=False)
[2026-08-07 16:00:25] on_click (release): Button.left
[2026-08-07 16:00:27] on_click (press): Button.left (run_enabled=False)
[2026-08-07 16:00:27] on_click (release): Button.left
[2026-08-07 16:00:27] on_click (press): Button.left (run_enabled=False)
[2026-08-07 16:00:27] on_click (release): Button.left
[2026-08-07 16:00:27] on_click (press): Button.left (run_enabled=False)
[2026-08-07 16:00:27] on_click (release): Button.left
[2026-08-07 16:00:28] on_click (press): Button.left (run_enabled=False)
[2026-08-07 16:00:29] on_click (release): Button.left
[2026-08-07 16:00:29] on_click (press): Button.left (run_enabled=False)
[2026-08-07 16:00:29] on_click (release): Button.left
[2026-08-07 16:00:29] on_click (press): Button.left (run_enabled=False)
[2026-08-07 16:00:29] on_click (release): Button.left
[2026-08-07 16:00:30] on_click (press): Button.left (run_enabled=False)
[2026-08-07 16:00:30] on_click (release): Button.left
[2026-08-07 16:00:36] on_click (press): Button.left (run_enabled=False)
[2026-08-07 16:00:36] on_click (release): Button.left
[2026-08-07 16:00:36] on_click (press): Button.left (run_enabled=False)
[2026-08-07 16:00:36] on_click (release): Button.left
[2026-08-07 16:00:39] on_click (press): Button.left (run_enabled=False)
[2026-08-07 16:00:39] on_click (release): Button.left
[2026-08-07 16:00:40] on_click (press): Button.left (run_enabled=False)
[2026-08-07 16:00:41] on_click (release): Button.left
[2026-08-07 16:00:42] on_click (press): Button.left (run_enabled=False)
[2026-08-07 16:00:42] on_click (release): Button.left
[2026-08-07 16:00:43] on_click (press): Button.left (run_enabled=False)
[2026-08-07 16:00:43] on_click (release): Button.left
[2026-08-07 16:00:44] on_click (press): Button.left (run_enabled=False)
[2026-08-07 16:00:44] on_click (release): Button.left
[2026-08-07 16:00:44] on_click (press): Button.left (run_enabled=False)
[2026-08-07 16:00:44] on_click (release): Button.left
[2026-08-07 16:00:45] on_click (press): Button.left (run_enabled=False)
[2026-08-07 16:00:45] on_click (release): Button.left
[2026-08-07 16:00:46] on_click (press): Button.left (run_enabled=False)
[2026-08-07 16:00:46] on_click (release): Button.left
[2026-08-07 16:00:48] on_click (press): Button.left (run_enabled=False)
[2026-08-07 16:00:48] on_click (release): Button.left
[2026-08-07 16:00:48] on_click (press): Button.left (run_enabled=False)
[2026-08-07 16:00:48] on_click (release): Button.left
[2026-08-07 16:00:52] on_click (press): Button.left (run_enabled=False)
[2026-08-07 16:00:52] on_click (release): Button.left
[2026-08-07 16:00:55] on_click (press): Button.left (run_enabled=False)
[2026-08-07 16:00:55] on_click (release): Button.left
[2026-08-07 16:00:59] on_press: 'c' (run_enabled=False)
[2026-08-07 16:01:00] on_press: 'a' (run_enabled=False)
[2026-08-07 16:01:00] on_release: 'c'
[2026-08-07 16:01:00] on_press: 'm' (run_enabled=False)
[2026-08-07 16:01:00] on_release: 'a'
[2026-08-07 16:01:00] on_press: 'r' (run_enabled=False)
[2026-08-07 16:01:00] on_release: 'm'
[2026-08-07 16:01:00] on_release: 'r'
[2026-08-07 16:01:00] on_press: Key.space (run_enabled=False)
[2026-08-07 16:01:00] on_release: Key.space
[2026-08-07 16:01:00] on_press: Key.ctrl_l (run_enabled=False)
[2026-08-07 16:01:00] on_press: '\x01' (run_enabled=False)
[2026-08-07 16:01:00] on_press: Key.backspace (run_enabled=False)
[2026-08-07 16:01:00] on_release: '\x01'
[2026-08-07 16:01:00] on_release: Key.ctrl_l
[2026-08-07 16:01:00] on_release: Key.backspace
[2026-08-07 16:01:01] on_press: Key.cmd (run_enabled=False)
[2026-08-07 16:01:01] on_release: Key.cmd
[2026-08-07 16:01:02] on_press: Key.ctrl_l (run_enabled=False)
[2026-08-07 16:01:02] on_press: Key.shift (run_enabled=False)
[2026-08-07 16:01:02] on_release: Key.ctrl_l
[2026-08-07 16:01:02] on_release: Key.shift
[2026-08-07 16:01:03] on_press: Key.shift (run_enabled=False)
[2026-08-07 16:01:03] on_release: Key.shift
[2026-08-07 16:01:03] on_press: Key.cmd (run_enabled=False)
[2026-08-07 16:01:03] on_release: Key.cmd
[2026-08-07 16:01:03] on_click (press): Button.left (run_enabled=False)
[2026-08-07 16:01:03] on_click (release): Button.left
[2026-08-07 16:01:05] on_press: 'n' (run_enabled=False)
[2026-08-07 16:01:05] on_release: 'n'
[2026-08-07 16:01:05] on_press: 'e' (run_enabled=False)
[2026-08-07 16:01:05] on_release: 'e'
[2026-08-07 16:01:05] on_press: Key.shift (run_enabled=False)
[2026-08-07 16:01:05] on_press: Key.shift (run_enabled=False)
[2026-08-07 16:01:05] on_press: Key.left (run_enabled=False)
[2026-08-07 16:01:05] on_release: Key.left
[2026-08-07 16:01:05] on_release: Key.shift
[2026-08-07 16:01:05] on_release: Key.shift
[2026-08-07 16:01:05] on_press: Key.backspace (run_enabled=False)
[2026-08-07 16:01:05] on_release: Key.backspace
[2026-08-07 16:01:05] on_press: 'ê' (run_enabled=False)
[2026-08-07 16:01:05] on_release: 'ê'
[2026-08-07 16:01:05] on_release: 'e'
[2026-08-07 16:01:05] on_press: 'u' (run_enabled=False)
[2026-08-07 16:01:05] on_press: Key.shift (run_enabled=False)
[2026-08-07 16:01:05] on_press: Key.shift (run_enabled=False)
[2026-08-07 16:01:05] on_press: Key.left (run_enabled=False)
[2026-08-07 16:01:05] on_release: Key.left
[2026-08-07 16:01:05] on_release: Key.shift
[2026-08-07 16:01:05] on_release: Key.shift
[2026-08-07 16:01:05] on_press: Key.backspace (run_enabled=False)
[2026-08-07 16:01:05] on_release: Key.backspace
[2026-08-07 16:01:05] on_press: Key.backspace (run_enabled=False)
[2026-08-07 16:01:05] on_release: Key.backspace
[2026-08-07 16:01:05] on_press: 'ế' (run_enabled=False)
[2026-08-07 16:01:05] on_release: 'ế'
[2026-08-07 16:01:05] on_press: 'u' (run_enabled=False)
[2026-08-07 16:01:05] on_release: 'u'
[2026-08-07 16:01:05] on_release: 'u'
[2026-08-07 16:01:05] on_press: Key.space (run_enabled=False)
[2026-08-07 16:01:05] on_release: 's'
[2026-08-07 16:01:05] on_release: Key.space
[2026-08-07 16:01:06] on_press: 't' (run_enabled=False)
[2026-08-07 16:01:06] on_release: 't'
[2026-08-07 16:01:06] on_press: 'o' (run_enabled=False)
[2026-08-07 16:01:06] on_release: 'o'
[2026-08-07 16:01:06] on_press: Key.shift (run_enabled=False)
[2026-08-07 16:01:06] on_press: Key.shift (run_enabled=False)
[2026-08-07 16:01:06] on_press: Key.left (run_enabled=False)
[2026-08-07 16:01:06] on_release: Key.left
[2026-08-07 16:01:06] on_release: Key.shift
[2026-08-07 16:01:06] on_release: Key.shift
[2026-08-07 16:01:06] on_press: Key.backspace (run_enabled=False)
[2026-08-07 16:01:06] on_release: Key.backspace
[2026-08-07 16:01:06] on_press: 'ô' (run_enabled=False)
[2026-08-07 16:01:06] on_release: 'ô'
[2026-08-07 16:01:06] on_press: 'i' (run_enabled=False)
[2026-08-07 16:01:06] on_release: 'o'
[2026-08-07 16:01:06] on_release: 'i'
[2026-08-07 16:01:06] on_press: Key.space (run_enabled=False)
[2026-08-07 16:01:06] on_release: Key.space
[2026-08-07 16:01:06] on_press: 'k' (run_enabled=False)
[2026-08-07 16:01:06] on_release: 'k'
[2026-08-07 16:01:06] on_press: 'h' (run_enabled=False)
[2026-08-07 16:01:06] on_release: 'h'
[2026-08-07 16:01:07] on_press: 'o' (run_enabled=False)
[2026-08-07 16:01:07] on_release: 'o'
[2026-08-07 16:01:07] on_press: Key.shift (run_enabled=False)
[2026-08-07 16:01:07] on_press: Key.shift (run_enabled=False)
[2026-08-07 16:01:07] on_press: Key.left (run_enabled=False)
[2026-08-07 16:01:07] on_release: Key.left
[2026-08-07 16:01:07] on_release: Key.shift
[2026-08-07 16:01:07] on_release: Key.shift
[2026-08-07 16:01:07] on_press: Key.backspace (run_enabled=False)
[2026-08-07 16:01:07] on_release: Key.backspace
[2026-08-07 16:01:07] on_press: 'ô' (run_enabled=False)
[2026-08-07 16:01:07] on_release: 'ô'
[2026-08-07 16:01:07] on_release: 'o'
[2026-08-07 16:01:07] on_press: 'n' (run_enabled=False)
[2026-08-07 16:01:07] on_release: 'n'
[2026-08-07 16:01:07] on_press: 'g' (run_enabled=False)
[2026-08-07 16:01:07] on_release: 'g'
[2026-08-07 16:01:07] on_press: Key.space (run_enabled=False)
[2026-08-07 16:01:07] on_release: Key.space
[2026-08-07 16:01:07] on_press: 'm' (run_enabled=False)
[2026-08-07 16:01:07] on_release: 'm'
[2026-08-07 16:01:07] on_press: 'u' (run_enabled=False)
[2026-08-07 16:01:08] on_release: 'u'
[2026-08-07 16:01:08] on_press: 'o' (run_enabled=False)
[2026-08-07 16:01:08] on_release: 'o'
[2026-08-07 16:01:08] on_press: Key.shift (run_enabled=False)
[2026-08-07 16:01:08] on_press: Key.shift (run_enabled=False)
[2026-08-07 16:01:08] on_press: Key.left (run_enabled=False)
[2026-08-07 16:01:08] on_release: Key.left
[2026-08-07 16:01:08] on_release: Key.shift
[2026-08-07 16:01:08] on_release: Key.shift
[2026-08-07 16:01:08] on_press: Key.backspace (run_enabled=False)
[2026-08-07 16:01:08] on_release: Key.backspace
[2026-08-07 16:01:08] on_press: 'ô' (run_enabled=False)
[2026-08-07 16:01:08] on_release: 'ô'
[2026-08-07 16:01:08] on_release: 'o'
[2026-08-07 16:01:08] on_press: 'n' (run_enabled=False)
[2026-08-07 16:01:08] on_press: Key.shift (run_enabled=False)
[2026-08-07 16:01:08] on_press: Key.shift (run_enabled=False)
[2026-08-07 16:01:08] on_press: Key.left (run_enabled=False)
[2026-08-07 16:01:08] on_release: Key.left
[2026-08-07 16:01:08] on_release: Key.shift
[2026-08-07 16:01:08] on_release: Key.shift
[2026-08-07 16:01:08] on_press: Key.backspace (run_enabled=False)
[2026-08-07 16:01:08] on_release: Key.backspace
[2026-08-07 16:01:08] on_press: Key.backspace (run_enabled=False)
[2026-08-07 16:01:08] on_release: Key.backspace
[2026-08-07 16:01:08] on_press: 'ố' (run_enabled=False)
[2026-08-07 16:01:08] on_release: 'ố'
[2026-08-07 16:01:08] on_press: 'n' (run_enabled=False)
[2026-08-07 16:01:08] on_release: 'n'
[2026-08-07 16:01:08] on_release: 'n'
[2026-08-07 16:01:08] on_release: 's'
[2026-08-07 16:01:08] on_press: Key.space (run_enabled=False)
[2026-08-07 16:01:08] on_release: Key.space
[2026-08-07 16:01:08] on_press: 'c' (run_enabled=False)
[2026-08-07 16:01:08] on_press: 'h' (run_enabled=False)
[2026-08-07 16:01:08] on_release: 'c'
[2026-08-07 16:01:08] on_release: 'h'
[2026-08-07 16:01:09] on_press: 'a' (run_enabled=False)
[2026-08-07 16:01:09] on_press: 'y' (run_enabled=False)
[2026-08-07 16:01:09] on_release: 'a'
[2026-08-07 16:01:09] on_release: 'y'
[2026-08-07 16:01:09] on_press: Key.shift (run_enabled=False)
[2026-08-07 16:01:09] on_press: Key.shift (run_enabled=False)
[2026-08-07 16:01:09] on_press: Key.left (run_enabled=False)
[2026-08-07 16:01:09] on_release: Key.left
[2026-08-07 16:01:09] on_release: Key.shift
[2026-08-07 16:01:09] on_release: Key.shift
[2026-08-07 16:01:09] on_press: Key.backspace (run_enabled=False)
[2026-08-07 16:01:09] on_release: Key.backspace
[2026-08-07 16:01:09] on_press: Key.backspace (run_enabled=False)
[2026-08-07 16:01:09] on_release: Key.backspace
[2026-08-07 16:01:09] on_press: 'ạ' (run_enabled=False)
[2026-08-07 16:01:09] on_release: 'ạ'
[2026-08-07 16:01:09] on_press: 'y' (run_enabled=False)
[2026-08-07 16:01:09] on_release: 'y'
[2026-08-07 16:01:09] on_release: 'j'
[2026-08-07 16:01:09] on_press: Key.space (run_enabled=False)
[2026-08-07 16:01:09] on_release: Key.space
[2026-08-07 16:01:09] on_press: 't' (run_enabled=False)
[2026-08-07 16:01:09] on_press: 'r' (run_enabled=False)
[2026-08-07 16:01:09] on_release: 't'
[2026-08-07 16:01:09] on_release: 'r'
[2026-08-07 16:01:09] on_press: 'e' (run_enabled=False)
[2026-08-07 16:01:09] on_release: 'e'
[2026-08-07 16:01:09] on_press: Key.shift (run_enabled=False)
[2026-08-07 16:01:09] on_press: Key.shift (run_enabled=False)
[2026-08-07 16:01:09] on_press: Key.left (run_enabled=False)
[2026-08-07 16:01:09] on_release: Key.left
[2026-08-07 16:01:09] on_release: Key.shift
[2026-08-07 16:01:09] on_release: Key.shift
[2026-08-07 16:01:09] on_press: Key.backspace (run_enabled=False)
[2026-08-07 16:01:09] on_release: Key.backspace
[2026-08-07 16:01:09] on_press: 'ê' (run_enabled=False)
[2026-08-07 16:01:09] on_release: 'ê'
[2026-08-07 16:01:09] on_press: 'n' (run_enabled=False)
[2026-08-07 16:01:09] on_release: 'e'
[2026-08-07 16:01:09] on_release: 'n'
[2026-08-07 16:01:10] on_press: Key.space (run_enabled=False)
[2026-08-07 16:01:10] on_release: Key.space
[2026-08-07 16:01:10] on_press: Key.alt_l (run_enabled=False)
[2026-08-07 16:01:10] on_press: Key.tab (run_enabled=False)
[2026-08-07 16:01:10] on_release: Key.tab
[2026-08-07 16:01:10] on_release: Key.alt_l
[2026-08-07 16:01:11] on_press: Key.alt_l (run_enabled=False)
[2026-08-07 16:01:11] on_press: Key.tab (run_enabled=False)
[2026-08-07 16:01:11] on_release: Key.alt_l
[2026-08-07 16:01:11] on_release: Key.tab
[2026-08-07 16:01:12] on_press: Key.backspace (run_enabled=False)
[2026-08-07 16:01:12] on_release: Key.backspace
[2026-08-07 16:01:12] on_press: Key.backspace (run_enabled=False)
[2026-08-07 16:01:12] on_release: Key.backspace
[2026-08-07 16:01:12] on_press: Key.backspace (run_enabled=False)
[2026-08-07 16:01:12] on_release: Key.backspace
[2026-08-07 16:01:12] on_press: Key.backspace (run_enabled=False)
[2026-08-07 16:01:12] on_release: Key.backspace
[2026-08-07 16:01:13] on_press: Key.backspace (run_enabled=False)
[2026-08-07 16:01:13] on_release: Key.backspace
[2026-08-07 16:01:14] on_press: 'c' (run_enabled=False)
[2026-08-07 16:01:14] on_release: 'c'
[2026-08-07 16:01:14] on_press: 'a' (run_enabled=False)
[2026-08-07 16:01:14] on_release: 'a'
[2026-08-07 16:01:15] on_press: Key.shift (run_enabled=False)
[2026-08-07 16:01:15] on_press: Key.shift (run_enabled=False)
[2026-08-07 16:01:15] on_press: Key.left (run_enabled=False)
[2026-08-07 16:01:15] on_release: Key.left
[2026-08-07 16:01:15] on_release: Key.shift
[2026-08-07 16:01:15] on_release: Key.shift
[2026-08-07 16:01:15] on_press: Key.backspace (run_enabled=False)
[2026-08-07 16:01:15] on_release: Key.backspace
[2026-08-07 16:01:15] on_press: 'á' (run_enabled=False)
[2026-08-07 16:01:15] on_release: 'á'
[2026-08-07 16:01:15] on_press: 'i' (run_enabled=False)
[2026-08-07 16:01:15] on_release: 's'
[2026-08-07 16:01:15] on_release: 'i'
[2026-08-07 16:01:16] on_press: 'l' (run_enabled=False)
[2026-08-07 16:01:16] on_release: 'l'
[2026-08-07 16:01:16] on_press: Key.backspace (run_enabled=False)
[2026-08-07 16:01:16] on_release: Key.backspace
[2026-08-07 16:01:16] on_press: Key.space (run_enabled=False)
[2026-08-07 16:01:16] on_release: Key.space
[2026-08-07 16:01:17] on_press: 'l' (run_enabled=False)
[2026-08-07 16:01:17] on_release: 'l'
[2026-08-07 16:01:17] on_press: 'a' (run_enabled=False)
[2026-08-07 16:01:17] on_release: 'a'
[2026-08-07 16:01:17] on_press: 'u' (run_enabled=False)
[2026-08-07 16:01:17] on_release: 'u'
[2026-08-07 16:01:17] on_press: 'n' (run_enabled=False)
[2026-08-07 16:01:17] on_release: 'n'
[2026-08-07 16:01:17] on_press: 'c' (run_enabled=False)
[2026-08-07 16:01:17] on_release: 'c'
[2026-08-07 16:01:17] on_press: 'h' (run_enabled=False)
[2026-08-07 16:01:17] on_release: 'h'
[2026-08-07 16:01:17] on_press: 'e' (run_enabled=False)
[2026-08-07 16:01:18] on_press: 'r' (run_enabled=False)
[2026-08-07 16:01:18] on_release: 'e'
[2026-08-07 16:01:18] on_release: 'r'
[2026-08-07 16:01:18] on_press: Key.space (run_enabled=False)
[2026-08-07 16:01:18] on_release: Key.space
[2026-08-07 16:01:18] on_press: 'k' (run_enabled=False)
[2026-08-07 16:01:18] on_release: 'k'
[2026-08-07 16:01:18] on_press: 'i' (run_enabled=False)
[2026-08-07 16:01:18] on_release: 'i'
[2026-08-07 16:01:18] on_press: 'a' (run_enabled=False)
[2026-08-07 16:01:19] on_release: 'a'
[2026-08-07 16:01:19] on_press: Key.space (run_enabled=False)
[2026-08-07 16:01:19] on_release: Key.space
[2026-08-07 16:01:19] on_press: 'n' (run_enabled=False)
[2026-08-07 16:01:19] on_release: 'n'
[2026-08-07 16:01:19] on_press: 'u' (run_enabled=False)
[2026-08-07 16:01:19] on_release: 'u'
[2026-08-07 16:01:19] on_press: 'a' (run_enabled=False)
[2026-08-07 16:01:19] on_press: Key.shift (run_enabled=False)
[2026-08-07 16:01:19] on_press: Key.shift (run_enabled=False)
[2026-08-07 16:01:19] on_press: Key.left (run_enabled=False)
[2026-08-07 16:01:19] on_release: Key.left
[2026-08-07 16:01:19] on_release: Key.shift
[2026-08-07 16:01:19] on_release: Key.shift
[2026-08-07 16:01:19] on_press: Key.backspace (run_enabled=False)
[2026-08-07 16:01:19] on_release: Key.backspace
[2026-08-07 16:01:19] on_press: Key.backspace (run_enabled=False)
[2026-08-07 16:01:19] on_release: Key.backspace
[2026-08-07 16:01:19] on_press: 'ư' (run_enabled=False)
[2026-08-07 16:01:19] on_release: 'ư'
[2026-08-07 16:01:19] on_press: 'a' (run_enabled=False)
[2026-08-07 16:01:19] on_release: 'a'
[2026-08-07 16:01:19] on_release: 'a'
[2026-08-07 16:01:19] on_release: 'w'
[2026-08-07 16:01:19] on_press: Key.shift (run_enabled=False)
[2026-08-07 16:01:19] on_press: Key.shift (run_enabled=False)
[2026-08-07 16:01:19] on_press: Key.left (run_enabled=False)
[2026-08-07 16:01:19] on_release: Key.left
[2026-08-07 16:01:19] on_release: Key.shift
[2026-08-07 16:01:19] on_release: Key.shift
[2026-08-07 16:01:19] on_press: Key.backspace (run_enabled=False)
[2026-08-07 16:01:19] on_release: Key.backspace
[2026-08-07 16:01:19] on_press: Key.backspace (run_enabled=False)
[2026-08-07 16:01:19] on_release: Key.backspace
[2026-08-07 16:01:19] on_press: 'ữ' (run_enabled=False)
[2026-08-07 16:01:19] on_release: 'ữ'
[2026-08-07 16:01:19] on_press: 'a' (run_enabled=False)
[2026-08-07 16:01:19] on_release: 'a'
[2026-08-07 16:01:19] on_release: 'x'
[2026-08-07 16:01:19] on_press: Key.space (run_enabled=False)
[2026-08-07 16:01:19] on_release: Key.space
[2026-08-07 16:01:20] on_press: 'm' (run_enabled=False)
[2026-08-07 16:01:20] on_release: 'm'
[2026-08-07 16:01:20] on_press: 'a' (run_enabled=False)
[2026-08-07 16:01:20] on_press: Key.shift (run_enabled=False)
[2026-08-07 16:01:20] on_press: Key.shift (run_enabled=False)
[2026-08-07 16:01:20] on_press: Key.left (run_enabled=False)
[2026-08-07 16:01:20] on_release: Key.left
[2026-08-07 16:01:20] on_release: Key.shift
[2026-08-07 16:01:20] on_release: Key.shift
[2026-08-07 16:01:20] on_press: Key.backspace (run_enabled=False)
[2026-08-07 16:01:20] on_release: Key.backspace
[2026-08-07 16:01:20] on_press: 'à' (run_enabled=False)
[2026-08-07 16:01:20] on_release: 'à'
[2026-08-07 16:01:20] on_release: 'a'
[2026-08-07 16:01:20] on_release: 'f'
[2026-08-07 16:01:20] on_press: Key.space (run_enabled=False)
[2026-08-07 16:01:20] on_release: Key.space
[2026-08-07 16:01:20] on_press: 'm' (run_enabled=False)
[2026-08-07 16:01:20] on_release: 'm'
[2026-08-07 16:01:20] on_press: 'u' (run_enabled=False)
[2026-08-07 16:01:20] on_release: 'u'
[2026-08-07 16:01:20] on_press: 'o' (run_enabled=False)
[2026-08-07 16:01:21] on_release: 'o'
[2026-08-07 16:01:21] on_press: Key.shift (run_enabled=False)
[2026-08-07 16:01:21] on_press: Key.shift (run_enabled=False)
[2026-08-07 16:01:21] on_press: Key.left (run_enabled=False)
[2026-08-07 16:01:21] on_release: Key.left
[2026-08-07 16:01:21] on_release: Key.shift
[2026-08-07 16:01:21] on_release: Key.shift
[2026-08-07 16:01:21] on_press: Key.backspace (run_enabled=False)
[2026-08-07 16:01:21] on_release: Key.backspace
[2026-08-07 16:01:21] on_press: 'ô' (run_enabled=False)
[2026-08-07 16:01:21] on_release: 'ô'
[2026-08-07 16:01:21] on_release: 'o'
[2026-08-07 16:01:21] on_press: 'n' (run_enabled=False)
[2026-08-07 16:01:21] on_release: 'n'
[2026-08-07 16:01:21] on_press: Key.shift (run_enabled=False)
[2026-08-07 16:01:21] on_press: Key.shift (run_enabled=False)
[2026-08-07 16:01:21] on_press: Key.left (run_enabled=False)
[2026-08-07 16:01:21] on_release: Key.left
[2026-08-07 16:01:21] on_release: Key.shift
[2026-08-07 16:01:21] on_release: Key.shift
[2026-08-07 16:01:21] on_press: Key.backspace (run_enabled=False)
[2026-08-07 16:01:21] on_release: Key.backspace
[2026-08-07 16:01:21] on_press: Key.backspace (run_enabled=False)
[2026-08-07 16:01:21] on_release: Key.backspace
[2026-08-07 16:01:21] on_press: 'ố' (run_enabled=False)
[2026-08-07 16:01:21] on_release: 'ố'
[2026-08-07 16:01:21] on_press: 'n' (run_enabled=False)
[2026-08-07 16:01:21] on_release: 'n'
[2026-08-07 16:01:21] on_release: 's'
[2026-08-07 16:01:21] on_press: Key.space (run_enabled=False)
[2026-08-07 16:01:21] on_release: Key.space
[2026-08-07 16:01:21] on_press: 'c' (run_enabled=False)
[2026-08-07 16:01:21] on_release: 'c'
[2026-08-07 16:01:21] on_press: 'h' (run_enabled=False)
[2026-08-07 16:01:21] on_release: 'h'
[2026-08-07 16:01:21] on_press: 'a' (run_enabled=False)
[2026-08-07 16:01:22] on_press: 'y' (run_enabled=False)
[2026-08-07 16:01:22] on_release: 'a'
[2026-08-07 16:01:22] on_release: 'y'
[2026-08-07 16:01:22] on_press: Key.shift (run_enabled=False)
[2026-08-07 16:01:22] on_press: Key.shift (run_enabled=False)
[2026-08-07 16:01:22] on_press: Key.left (run_enabled=False)
[2026-08-07 16:01:22] on_release: Key.left
[2026-08-07 16:01:22] on_release: Key.shift
[2026-08-07 16:01:22] on_release: Key.shift
[2026-08-07 16:01:22] on_press: Key.backspace (run_enabled=False)
[2026-08-07 16:01:22] on_release: Key.backspace
[2026-08-07 16:01:22] on_press: Key.backspace (run_enabled=False)
[2026-08-07 16:01:22] on_release: Key.backspace
[2026-08-07 16:01:22] on_press: 'ạ' (run_enabled=False)
[2026-08-07 16:01:22] on_release: 'ạ'
[2026-08-07 16:01:22] on_press: 'y' (run_enabled=False)
[2026-08-07 16:01:22] on_release: 'y'
[2026-08-07 16:01:22] on_release: 'j'
[2026-08-07 16:01:22] on_press: Key.space (run_enabled=False)
[2026-08-07 16:01:22] on_release: Key.space
[2026-08-07 16:01:25] on_press: 'f' (run_enabled=False)
[2026-08-07 16:01:25] on_press: 'i' (run_enabled=False)
[2026-08-07 16:01:25] on_release: 'f'
[2026-08-07 16:01:25] on_release: 'i'
[2026-08-07 16:01:25] on_press: 'l' (run_enabled=False)
[2026-08-07 16:01:25] on_release: 'l'
[2026-08-07 16:01:25] on_press: 'e' (run_enabled=False)
[2026-08-07 16:01:25] on_release: 'e'
[2026-08-07 16:01:25] on_press: Key.space (run_enabled=False)
[2026-08-07 16:01:25] on_release: Key.space
[2026-08-07 16:01:26] on_press: 'b' (run_enabled=False)
[2026-08-07 16:01:26] on_release: 'b'
[2026-08-07 16:01:27] on_press: 'a' (run_enabled=False)
[2026-08-07 16:01:27] on_release: 'a'
[2026-08-07 16:01:27] on_press: 't' (run_enabled=False)
[2026-08-07 16:01:27] on_release: 't'
[2026-08-07 16:01:27] on_press: Key.space (run_enabled=False)
[2026-08-07 16:01:27] on_release: Key.space
[2026-08-07 16:01:27] on_press: 'd' (run_enabled=False)
[2026-08-07 16:01:27] on_release: 'd'
[2026-08-07 16:01:27] on_press: Key.shift (run_enabled=False)
[2026-08-07 16:01:27] on_press: Key.shift (run_enabled=False)
[2026-08-07 16:01:27] on_press: Key.left (run_enabled=False)
[2026-08-07 16:01:27] on_release: Key.left
[2026-08-07 16:01:27] on_release: Key.shift
[2026-08-07 16:01:27] on_release: Key.shift
[2026-08-07 16:01:27] on_press: Key.backspace (run_enabled=False)
[2026-08-07 16:01:27] on_release: Key.backspace
[2026-08-07 16:01:27] on_press: 'đ' (run_enabled=False)
[2026-08-07 16:01:27] on_release: 'đ'
[2026-08-07 16:01:27] on_release: 'd'
[2026-08-07 16:01:27] on_press: 'e' (run_enabled=False)
[2026-08-07 16:01:27] on_release: 'e'
[2026-08-07 16:01:27] on_press: Key.shift (run_enabled=False)
[2026-08-07 16:01:27] on_press: Key.shift (run_enabled=False)
[2026-08-07 16:01:27] on_press: Key.left (run_enabled=False)
[2026-08-07 16:01:27] on_release: Key.left
[2026-08-07 16:01:27] on_release: Key.shift
[2026-08-07 16:01:27] on_release: Key.shift
[2026-08-07 16:01:27] on_press: Key.backspace (run_enabled=False)
[2026-08-07 16:01:27] on_release: Key.backspace
[2026-08-07 16:01:27] on_press: 'ê' (run_enabled=False)
[2026-08-07 16:01:27] on_release: 'ê'
[2026-08-07 16:01:27] on_release: 'e'
[2026-08-07 16:01:28] on_press: Key.shift (run_enabled=False)
[2026-08-07 16:01:28] on_press: Key.shift (run_enabled=False)
[2026-08-07 16:01:28] on_press: Key.left (run_enabled=False)
[2026-08-07 16:01:28] on_release: Key.left
[2026-08-07 16:01:28] on_release: Key.shift
[2026-08-07 16:01:28] on_release: Key.shift
[2026-08-07 16:01:28] on_press: Key.backspace (run_enabled=False)
[2026-08-07 16:01:28] on_release: Key.backspace
[2026-08-07 16:01:28] on_press: 'ể' (run_enabled=False)
[2026-08-07 16:01:28] on_release: 'ể'
[2026-08-07 16:01:28] on_release: 'r'
[2026-08-07 16:01:28] on_press: Key.shift (run_enabled=False)
[2026-08-07 16:01:28] on_press: Key.shift (run_enabled=False)
[2026-08-07 16:01:28] on_press: Key.left (run_enabled=False)
[2026-08-07 16:01:28] on_release: Key.left
[2026-08-07 16:01:28] on_release: Key.shift
[2026-08-07 16:01:28] on_release: Key.shift
[2026-08-07 16:01:28] on_press: Key.backspace (run_enabled=False)
[2026-08-07 16:01:28] on_release: Key.backspace
[2026-08-07 16:01:28] on_press: 'ê' (run_enabled=False)
[2026-08-07 16:01:28] on_release: 'ê'
[2026-08-07 16:01:28] on_press: 'r' (run_enabled=False)
[2026-08-07 16:01:28] on_release: 'r'
[2026-08-07 16:01:28] on_release: 'r'
[2026-08-07 16:01:28] on_press: Key.space (run_enabled=False)
[2026-08-07 16:01:28] on_release: Key.space
[2026-08-07 16:01:28] on_press: Key.backspace (run_enabled=False)
[2026-08-07 16:01:28] on_release: Key.backspace
[2026-08-07 16:01:29] on_press: Key.backspace (run_enabled=False)
[2026-08-07 16:01:29] on_release: Key.backspace
[2026-08-07 16:01:29] on_press: Key.backspace (run_enabled=False)
[2026-08-07 16:01:29] on_release: Key.backspace
[2026-08-07 16:01:29] on_press: Key.backspace (run_enabled=False)
[2026-08-07 16:01:29] on_release: Key.backspace
[2026-08-07 16:01:29] on_press: Key.backspace (run_enabled=False)
[2026-08-07 16:01:29] on_release: Key.backspace
[2026-08-07 16:01:30] on_press: Key.space (run_enabled=False)
[2026-08-07 16:01:30] on_release: Key.space
[2026-08-07 16:01:30] on_press: 't' (run_enabled=False)
[2026-08-07 16:01:30] on_release: 't'
[2026-08-07 16:01:30] on_press: 'a' (run_enabled=False)
[2026-08-07 16:01:30] on_release: 'a'
[2026-08-07 16:01:30] on_press: 'i' (run_enabled=False)
[2026-08-07 16:01:30] on_press: Key.shift (run_enabled=False)
[2026-08-07 16:01:30] on_press: Key.shift (run_enabled=False)
[2026-08-07 16:01:30] on_press: Key.left (run_enabled=False)
[2026-08-07 16:01:30] on_release: Key.left
[2026-08-07 16:01:30] on_release: Key.shift
[2026-08-07 16:01:30] on_release: Key.shift
[2026-08-07 16:01:30] on_press: Key.backspace (run_enabled=False)
[2026-08-07 16:01:30] on_release: Key.backspace
[2026-08-07 16:01:30] on_press: Key.backspace (run_enabled=False)
[2026-08-07 16:01:30] on_release: Key.backspace
[2026-08-07 16:01:30] on_press: 'ạ' (run_enabled=False)
[2026-08-07 16:01:30] on_release: 'ạ'
[2026-08-07 16:01:30] on_press: 'i' (run_enabled=False)
[2026-08-07 16:01:30] on_release: 'i'
[2026-08-07 16:01:30] on_release: 'i'
[2026-08-07 16:01:30] on_release: 'j'
[2026-08-07 16:01:30] on_press: Key.space (run_enabled=False)
[2026-08-07 16:01:30] on_release: Key.space
[2026-08-07 16:01:31] on_press: Key.backspace (run_enabled=False)
[2026-08-07 16:01:32] on_release: Key.backspace
[2026-08-07 16:01:32] on_press: Key.backspace (run_enabled=False)
[2026-08-07 16:01:32] on_release: Key.backspace
[2026-08-07 16:01:32] on_press: Key.backspace (run_enabled=False)
[2026-08-07 16:01:32] on_release: Key.backspace
[2026-08-07 16:01:32] on_press: Key.backspace (run_enabled=False)
[2026-08-07 16:01:32] on_release: Key.backspace
[2026-08-07 16:01:32] on_press: 'd' (run_enabled=False)
[2026-08-07 16:01:32] on_release: 'd'
[2026-08-07 16:01:32] on_press: Key.shift (run_enabled=False)
[2026-08-07 16:01:32] on_press: Key.shift (run_enabled=False)
[2026-08-07 16:01:32] on_press: Key.left (run_enabled=False)
[2026-08-07 16:01:32] on_release: Key.left
[2026-08-07 16:01:32] on_release: Key.shift
[2026-08-07 16:01:32] on_release: Key.shift
[2026-08-07 16:01:32] on_press: Key.backspace (run_enabled=False)
[2026-08-07 16:01:32] on_release: Key.backspace
[2026-08-07 16:01:32] on_press: 'đ' (run_enabled=False)
[2026-08-07 16:01:32] on_release: 'đ'
[2026-08-07 16:01:32] on_release: 'd'
[2026-08-07 16:01:33] on_press: 'e' (run_enabled=False)
[2026-08-07 16:01:33] on_release: 'e'
[2026-08-07 16:01:33] on_press: Key.shift (run_enabled=False)
[2026-08-07 16:01:33] on_press: Key.shift (run_enabled=False)
[2026-08-07 16:01:33] on_press: Key.left (run_enabled=False)
[2026-08-07 16:01:33] on_release: Key.left
[2026-08-07 16:01:33] on_release: Key.shift
[2026-08-07 16:01:33] on_release: Key.shift
[2026-08-07 16:01:33] on_press: Key.backspace (run_enabled=False)
[2026-08-07 16:01:33] on_release: Key.backspace
[2026-08-07 16:01:33] on_press: 'ê' (run_enabled=False)
[2026-08-07 16:01:33] on_release: 'ê'
[2026-08-07 16:01:33] on_release: 'e'
[2026-08-07 16:01:33] on_press: Key.shift (run_enabled=False)
[2026-08-07 16:01:33] on_press: Key.shift (run_enabled=False)
[2026-08-07 16:01:33] on_press: Key.left (run_enabled=False)
[2026-08-07 16:01:33] on_release: Key.left
[2026-08-07 16:01:33] on_release: Key.shift
[2026-08-07 16:01:33] on_release: Key.shift
[2026-08-07 16:01:33] on_press: Key.backspace (run_enabled=False)
[2026-08-07 16:01:33] on_release: Key.backspace
[2026-08-07 16:01:33] on_press: 'ể' (run_enabled=False)
[2026-08-07 16:01:33] on_release: 'ể'
[2026-08-07 16:01:33] on_release: 'r'
[2026-08-07 16:01:33] on_press: Key.space (run_enabled=False)
[2026-08-07 16:01:33] on_release: Key.space
[2026-08-07 16:01:33] on_press: 'd' (run_enabled=False)
[2026-08-07 16:01:33] on_release: 'd'
[2026-08-07 16:01:33] on_press: Key.shift (run_enabled=False)
[2026-08-07 16:01:33] on_press: Key.shift (run_enabled=False)
[2026-08-07 16:01:33] on_press: Key.left (run_enabled=False)
[2026-08-07 16:01:33] on_release: Key.left
[2026-08-07 16:01:33] on_release: Key.shift
[2026-08-07 16:01:33] on_release: Key.shift
[2026-08-07 16:01:33] on_press: Key.backspace (run_enabled=False)
[2026-08-07 16:01:33] on_release: Key.backspace
[2026-08-07 16:01:33] on_press: 'đ' (run_enabled=False)
[2026-08-07 16:01:33] on_release: 'đ'
[2026-08-07 16:01:33] on_release: 'd'
[2026-08-07 16:01:33] on_press: 'o' (run_enabled=False)
[2026-08-07 16:01:34] on_press: Key.shift (run_enabled=False)
[2026-08-07 16:01:34] on_press: Key.shift (run_enabled=False)
[2026-08-07 16:01:34] on_press: Key.left (run_enabled=False)
[2026-08-07 16:01:34] on_release: Key.left
[2026-08-07 16:01:34] on_release: Key.shift
[2026-08-07 16:01:34] on_release: Key.shift
[2026-08-07 16:01:34] on_press: Key.backspace (run_enabled=False)
[2026-08-07 16:01:34] on_release: Key.backspace
[2026-08-07 16:01:34] on_press: 'ơ' (run_enabled=False)
[2026-08-07 16:01:34] on_release: 'ơ'
[2026-08-07 16:01:34] on_release: 'o'
[2026-08-07 16:01:34] on_release: 'w'
[2026-08-07 16:01:34] on_press: Key.shift (run_enabled=False)
[2026-08-07 16:01:34] on_press: Key.shift (run_enabled=False)
[2026-08-07 16:01:34] on_press: Key.left (run_enabled=False)
[2026-08-07 16:01:34] on_release: Key.left
[2026-08-07 16:01:34] on_release: Key.shift
[2026-08-07 16:01:34] on_release: Key.shift
[2026-08-07 16:01:34] on_press: Key.backspace (run_enabled=False)
[2026-08-07 16:01:34] on_release: Key.backspace
[2026-08-07 16:01:34] on_press: 'ỡ' (run_enabled=False)
[2026-08-07 16:01:34] on_release: 'ỡ'
[2026-08-07 16:01:34] on_release: 'x'
[2026-08-07 16:01:34] on_press: Key.backspace (run_enabled=False)
[2026-08-07 16:01:34] on_release: Key.backspace
[2026-08-07 16:01:34] on_press: Key.backspace (run_enabled=False)
[2026-08-07 16:01:34] on_release: Key.backspace
[2026-08-07 16:01:34] on_press: Key.backspace (run_enabled=False)
[2026-08-07 16:01:34] on_release: Key.backspace
[2026-08-07 16:01:34] on_press: Key.backspace (run_enabled=False)
[2026-08-07 16:01:34] on_release: Key.backspace
[2026-08-07 16:01:34] on_press: Key.backspace (run_enabled=False)
[2026-08-07 16:01:34] on_release: Key.backspace
[2026-08-07 16:01:35] on_press: Key.backspace (run_enabled=False)
[2026-08-07 16:01:35] on_release: Key.backspace
[2026-08-07 16:01:35] on_press: Key.space (run_enabled=False)
[2026-08-07 16:01:35] on_release: Key.space
[2026-08-07 16:01:35] on_press: 'c' (run_enabled=False)
[2026-08-07 16:01:36] on_release: 'c'
[2026-08-07 16:01:36] on_press: 'u' (run_enabled=False)
[2026-08-07 16:01:36] on_release: 'u'
[2026-08-07 16:01:36] on_press: 'n' (run_enabled=False)
[2026-08-07 16:01:36] on_press: 'g' (run_enabled=False)
[2026-08-07 16:01:36] on_release: 'n'
[2026-08-07 16:01:36] on_release: 'g'
[2026-08-07 16:01:36] on_press: Key.shift (run_enabled=False)
[2026-08-07 16:01:36] on_press: Key.shift (run_enabled=False)
[2026-08-07 16:01:36] on_press: Key.left (run_enabled=False)
[2026-08-07 16:01:36] on_release: Key.left
[2026-08-07 16:01:36] on_release: Key.shift
[2026-08-07 16:01:36] on_release: Key.shift
[2026-08-07 16:01:36] on_press: Key.backspace (run_enabled=False)
[2026-08-07 16:01:36] on_release: Key.backspace
[2026-08-07 16:01:36] on_press: Key.backspace (run_enabled=False)
[2026-08-07 16:01:36] on_release: Key.backspace
[2026-08-07 16:01:36] on_press: Key.backspace (run_enabled=False)
[2026-08-07 16:01:36] on_release: Key.backspace
[2026-08-07 16:01:36] on_press: 'ù' (run_enabled=False)
[2026-08-07 16:01:36] on_release: 'ù'
[2026-08-07 16:01:36] on_press: 'n' (run_enabled=False)
[2026-08-07 16:01:36] on_release: 'n'
[2026-08-07 16:01:36] on_press: 'g' (run_enabled=False)
[2026-08-07 16:01:36] on_release: 'g'
[2026-08-07 16:01:36] on_release: 'f'
[2026-08-07 16:01:36] on_press: Key.space (run_enabled=False)
[2026-08-07 16:01:36] on_release: Key.space
[2026-08-07 16:01:39] on_press: 'd' (run_enabled=False)
[2026-08-07 16:01:39] on_release: 'd'
[2026-08-07 16:01:39] on_press: Key.shift (run_enabled=False)
[2026-08-07 16:01:39] on_press: Key.shift (run_enabled=False)
[2026-08-07 16:01:39] on_press: Key.left (run_enabled=False)
[2026-08-07 16:01:39] on_release: Key.left
[2026-08-07 16:01:39] on_release: Key.shift
[2026-08-07 16:01:39] on_release: Key.shift
[2026-08-07 16:01:39] on_press: Key.backspace (run_enabled=False)
[2026-08-07 16:01:39] on_release: Key.backspace
[2026-08-07 16:01:39] on_press: 'đ' (run_enabled=False)
[2026-08-07 16:01:39] on_release: 'đ'
[2026-08-07 16:01:39] on_release: 'd'
[2026-08-07 16:01:39] on_press: 'u' (run_enabled=False)
[2026-08-07 16:01:39] on_press: 'o' (run_enabled=False)
[2026-08-07 16:01:39] on_release: 'u'
[2026-08-07 16:01:39] on_release: 'o'
[2026-08-07 16:01:39] on_press: 'n' (run_enabled=False)
[2026-08-07 16:01:39] on_press: 'g' (run_enabled=False)
[2026-08-07 16:01:39] on_release: 'n'
[2026-08-07 16:01:39] on_release: 'g'
[2026-08-07 16:01:39] on_press: Key.shift (run_enabled=False)
[2026-08-07 16:01:39] on_press: Key.shift (run_enabled=False)
[2026-08-07 16:01:39] on_press: Key.left (run_enabled=False)
[2026-08-07 16:01:39] on_release: Key.left
[2026-08-07 16:01:39] on_release: Key.shift
[2026-08-07 16:01:39] on_release: Key.shift
[2026-08-07 16:01:39] on_press: Key.backspace (run_enabled=False)
[2026-08-07 16:01:39] on_release: Key.backspace
[2026-08-07 16:01:39] on_press: Key.backspace (run_enabled=False)
[2026-08-07 16:01:39] on_release: Key.backspace
[2026-08-07 16:01:39] on_press: Key.backspace (run_enabled=False)
[2026-08-07 16:01:39] on_release: Key.backspace
[2026-08-07 16:01:39] on_press: Key.backspace (run_enabled=False)
[2026-08-07 16:01:39] on_release: Key.backspace
[2026-08-07 16:01:39] on_press: 'ư' (run_enabled=False)
[2026-08-07 16:01:39] on_release: 'ư'
[2026-08-07 16:01:39] on_press: 'ơ' (run_enabled=False)
[2026-08-07 16:01:39] on_release: 'ơ'
[2026-08-07 16:01:39] on_press: 'n' (run_enabled=False)
[2026-08-07 16:01:39] on_release: 'n'
[2026-08-07 16:01:39] on_press: 'g' (run_enabled=False)
[2026-08-07 16:01:39] on_release: 'g'
[2026-08-07 16:01:39] on_press: Key.shift (run_enabled=False)
[2026-08-07 16:01:39] on_press: Key.shift (run_enabled=False)
[2026-08-07 16:01:39] on_press: Key.left (run_enabled=False)
[2026-08-07 16:01:39] on_release: Key.left
[2026-08-07 16:01:39] on_release: Key.shift
[2026-08-07 16:01:39] on_release: Key.shift
[2026-08-07 16:01:39] on_press: Key.backspace (run_enabled=False)
[2026-08-07 16:01:39] on_release: Key.backspace
[2026-08-07 16:01:39] on_press: Key.backspace (run_enabled=False)
[2026-08-07 16:01:39] on_release: Key.backspace
[2026-08-07 16:01:39] on_press: Key.backspace (run_enabled=False)
[2026-08-07 16:01:39] on_release: Key.backspace
[2026-08-07 16:01:39] on_press: 'ờ' (run_enabled=False)
[2026-08-07 16:01:39] on_release: 'ờ'
[2026-08-07 16:01:39] on_press: 'n' (run_enabled=False)
[2026-08-07 16:01:39] on_release: 'n'
[2026-08-07 16:01:39] on_press: 'g' (run_enabled=False)
[2026-08-07 16:01:39] on_release: 'g'
[2026-08-07 16:01:39] on_release: 'w'
[2026-08-07 16:01:39] on_release: 'f'
[2026-08-07 16:01:39] on_press: Key.space (run_enabled=False)
[2026-08-07 16:01:40] on_release: Key.space
[2026-08-07 16:01:40] on_press: 'd' (run_enabled=False)
[2026-08-07 16:01:40] on_release: 'd'
[2026-08-07 16:01:40] on_press: 'a' (run_enabled=False)
[2026-08-07 16:01:40] on_release: 'a'
[2026-08-07 16:01:40] on_press: Key.shift (run_enabled=False)
[2026-08-07 16:01:40] on_press: Key.shift (run_enabled=False)
[2026-08-07 16:01:40] on_press: Key.left (run_enabled=False)
[2026-08-07 16:01:40] on_release: Key.left
[2026-08-07 16:01:40] on_release: Key.shift
[2026-08-07 16:01:40] on_release: Key.shift
[2026-08-07 16:01:40] on_press: Key.backspace (run_enabled=False)
[2026-08-07 16:01:40] on_release: Key.backspace
[2026-08-07 16:01:40] on_press: 'â' (run_enabled=False)
[2026-08-07 16:01:40] on_release: 'â'
[2026-08-07 16:01:40] on_release: 'a'
[2026-08-07 16:01:40] on_press: 'n' (run_enabled=False)
[2026-08-07 16:01:40] on_release: 'n'
[2026-08-07 16:01:40] on_press: Key.shift (run_enabled=False)
[2026-08-07 16:01:40] on_press: Key.shift (run_enabled=False)
[2026-08-07 16:01:40] on_press: Key.left (run_enabled=False)
[2026-08-07 16:01:40] on_release: Key.left
[2026-08-07 16:01:40] on_release: Key.shift
[2026-08-07 16:01:40] on_release: Key.shift
[2026-08-07 16:01:40] on_press: Key.backspace (run_enabled=False)
[2026-08-07 16:01:40] on_release: Key.backspace
[2026-08-07 16:01:40] on_press: Key.backspace (run_enabled=False)
[2026-08-07 16:01:40] on_release: Key.backspace
[2026-08-07 16:01:40] on_press: 'ẫ' (run_enabled=False)
[2026-08-07 16:01:40] on_release: 'ẫ'
[2026-08-07 16:01:40] on_press: 'n' (run_enabled=False)
[2026-08-07 16:01:40] on_release: 'n'
[2026-08-07 16:01:40] on_release: 'x'
[2026-08-07 16:01:40] on_press: Key.space (run_enabled=False)
[2026-08-07 16:01:40] on_release: Key.space
[2026-08-07 16:01:41] on_press: 'v' (run_enabled=False)
[2026-08-07 16:01:41] on_release: 'v'
[2026-08-07 16:01:41] on_press: 'o' (run_enabled=False)
[2026-08-07 16:01:41] on_press: Key.shift (run_enabled=False)
[2026-08-07 16:01:41] on_press: Key.shift (run_enabled=False)
[2026-08-07 16:01:41] on_press: Key.left (run_enabled=False)
[2026-08-07 16:01:41] on_release: Key.left
[2026-08-07 16:01:41] on_release: Key.shift
[2026-08-07 16:01:41] on_release: Key.shift
[2026-08-07 16:01:41] on_press: Key.backspace (run_enabled=False)
[2026-08-07 16:01:41] on_release: Key.backspace
[2026-08-07 16:01:41] on_press: 'ơ' (run_enabled=False)
[2026-08-07 16:01:41] on_release: 'ơ'
[2026-08-07 16:01:41] on_press: 'i' (run_enabled=False)
[2026-08-07 16:01:41] on_release: 'o'
[2026-08-07 16:01:41] on_release: 'i'
[2026-08-07 16:01:41] on_release: 'w'
[2026-08-07 16:01:41] on_press: Key.shift (run_enabled=False)
[2026-08-07 16:01:41] on_press: Key.shift (run_enabled=False)
[2026-08-07 16:01:41] on_press: Key.left (run_enabled=False)
[2026-08-07 16:01:41] on_release: Key.left
[2026-08-07 16:01:41] on_release: Key.shift
[2026-08-07 16:01:41] on_release: Key.shift
[2026-08-07 16:01:41] on_press: Key.backspace (run_enabled=False)
[2026-08-07 16:01:41] on_release: Key.backspace
[2026-08-07 16:01:41] on_press: Key.backspace (run_enabled=False)
[2026-08-07 16:01:41] on_release: Key.backspace
[2026-08-07 16:01:41] on_press: 'ớ' (run_enabled=False)
[2026-08-07 16:01:41] on_release: 'ớ'
[2026-08-07 16:01:41] on_press: 'i' (run_enabled=False)
[2026-08-07 16:01:41] on_release: 'i'
[2026-08-07 16:01:41] on_release: 's'
[2026-08-07 16:01:41] on_press: Key.space (run_enabled=False)
[2026-08-07 16:01:42] on_release: Key.space
[2026-08-07 16:01:42] on_press: 'f' (run_enabled=False)
[2026-08-07 16:01:42] on_press: 'i' (run_enabled=False)
[2026-08-07 16:01:42] on_release: 'f'
[2026-08-07 16:01:42] on_release: 'i'
[2026-08-07 16:01:42] on_press: 'l' (run_enabled=False)
[2026-08-07 16:01:42] on_release: 'l'
[2026-08-07 16:01:42] on_press: 'e' (run_enabled=False)
[2026-08-07 16:01:43] on_release: 'e'
[2026-08-07 16:01:43] on_press: Key.space (run_enabled=False)
[2026-08-07 16:01:43] on_release: Key.space
[2026-08-07 16:01:43] on_press: 'l' (run_enabled=False)
[2026-08-07 16:01:43] on_release: 'l'
[2026-08-07 16:01:43] on_press: 'a' (run_enabled=False)
[2026-08-07 16:01:43] on_press: 'u' (run_enabled=False)
[2026-08-07 16:01:43] on_release: 'a'
[2026-08-07 16:01:43] on_release: 'u'
[2026-08-07 16:01:43] on_press: 'n' (run_enabled=False)
[2026-08-07 16:01:43] on_release: 'n'
[2026-08-07 16:01:43] on_press: 'c' (run_enabled=False)
[2026-08-07 16:01:44] on_release: 'c'
[2026-08-07 16:01:44] on_press: 'h' (run_enabled=False)
[2026-08-07 16:01:44] on_release: 'h'
[2026-08-07 16:01:44] on_press: 'e' (run_enabled=False)
[2026-08-07 16:01:44] on_press: 'r' (run_enabled=False)
[2026-08-07 16:01:44] on_release: 'e'
[2026-08-07 16:01:44] on_release: 'r'
[2026-08-07 16:01:44] on_press: Key.space (run_enabled=False)
[2026-08-07 16:01:44] on_release: Key.space
[2026-08-07 16:01:44] on_press: 'v' (run_enabled=False)
[2026-08-07 16:01:44] on_release: 'v'
[2026-08-07 16:01:44] on_press: 'a' (run_enabled=False)
[2026-08-07 16:01:44] on_release: 'a'
[2026-08-07 16:01:44] on_press: Key.shift (run_enabled=False)
[2026-08-07 16:01:44] on_press: Key.shift (run_enabled=False)
[2026-08-07 16:01:44] on_press: Key.left (run_enabled=False)
[2026-08-07 16:01:44] on_release: Key.left
[2026-08-07 16:01:44] on_release: Key.shift
[2026-08-07 16:01:44] on_release: Key.shift
[2026-08-07 16:01:44] on_press: Key.backspace (run_enabled=False)
[2026-08-07 16:01:44] on_release: Key.backspace
[2026-08-07 16:01:44] on_press: 'à' (run_enabled=False)
[2026-08-07 16:01:44] on_release: 'à'
[2026-08-07 16:01:44] on_release: 'f'
[2026-08-07 16:01:44] on_press: Key.space (run_enabled=False)
[2026-08-07 16:01:45] on_release: Key.space
[2026-08-07 16:01:45] on_press: 'k' (run_enabled=False)
[2026-08-07 16:01:45] on_release: 'k'
[2026-08-07 16:01:45] on_press: 'h' (run_enabled=False)
[2026-08-07 16:01:45] on_release: 'h'
[2026-08-07 16:01:45] on_press: 'o' (run_enabled=False)
[2026-08-07 16:01:45] on_release: 'o'
[2026-08-07 16:01:45] on_press: Key.shift (run_enabled=False)
[2026-08-07 16:01:45] on_press: Key.shift (run_enabled=False)
[2026-08-07 16:01:45] on_press: Key.left (run_enabled=False)
[2026-08-07 16:01:45] on_release: Key.left
[2026-08-07 16:01:45] on_release: Key.shift
[2026-08-07 16:01:45] on_release: Key.shift
[2026-08-07 16:01:45] on_press: Key.backspace (run_enabled=False)
[2026-08-07 16:01:45] on_release: Key.backspace
[2026-08-07 16:01:45] on_press: 'ô' (run_enabled=False)
[2026-08-07 16:01:45] on_release: 'ô'
[2026-08-07 16:01:45] on_release: 'o'
[2026-08-07 16:01:45] on_press: 'n' (run_enabled=False)
[2026-08-07 16:01:45] on_release: 'n'
[2026-08-07 16:01:45] on_press: 'g' (run_enabled=False)
[2026-08-07 16:01:45] on_release: 'g'
[2026-08-07 16:01:46] on_press: Key.space (run_enabled=False)
[2026-08-07 16:01:46] on_release: Key.space
[2026-08-07 16:01:46] on_press: 'c' (run_enabled=False)
[2026-08-07 16:01:46] on_release: 'c'
[2026-08-07 16:01:46] on_press: 'a' (run_enabled=False)
[2026-08-07 16:01:46] on_release: 'a'
[2026-08-07 16:01:46] on_press: Key.shift (run_enabled=False)
[2026-08-07 16:01:46] on_press: Key.shift (run_enabled=False)
[2026-08-07 16:01:46] on_press: Key.left (run_enabled=False)
[2026-08-07 16:01:46] on_release: Key.left
[2026-08-07 16:01:46] on_release: Key.shift
[2026-08-07 16:01:46] on_release: Key.shift
[2026-08-07 16:01:46] on_press: Key.backspace (run_enabled=False)
[2026-08-07 16:01:46] on_release: Key.backspace
[2026-08-07 16:01:46] on_press: 'â' (run_enabled=False)
[2026-08-07 16:01:46] on_release: 'â'
[2026-08-07 16:01:46] on_press: 'n' (run_enabled=False)
[2026-08-07 16:01:46] on_release: 'a'
[2026-08-07 16:01:46] on_release: 'n'
[2026-08-07 16:01:46] on_press: Key.shift (run_enabled=False)
[2026-08-07 16:01:46] on_press: Key.shift (run_enabled=False)
[2026-08-07 16:01:46] on_press: Key.left (run_enabled=False)
[2026-08-07 16:01:46] on_release: Key.left
[2026-08-07 16:01:46] on_release: Key.shift
[2026-08-07 16:01:46] on_release: Key.shift
[2026-08-07 16:01:46] on_press: Key.backspace (run_enabled=False)
[2026-08-07 16:01:46] on_release: Key.backspace
[2026-08-07 16:01:46] on_press: Key.backspace (run_enabled=False)
[2026-08-07 16:01:46] on_release: Key.backspace
[2026-08-07 16:01:46] on_press: 'ầ' (run_enabled=False)
[2026-08-07 16:01:46] on_release: 'ầ'
[2026-08-07 16:01:46] on_press: 'n' (run_enabled=False)
[2026-08-07 16:01:46] on_release: 'n'
[2026-08-07 16:01:46] on_press: Key.space (run_enabled=False)
[2026-08-07 16:01:46] on_release: 'f'
[2026-08-07 16:01:46] on_release: Key.space
[2026-08-07 16:01:46] on_press: 't' (run_enabled=False)
[2026-08-07 16:01:47] on_press: 'h' (run_enabled=False)
[2026-08-07 16:01:47] on_release: 't'
[2026-08-07 16:01:47] on_release: 'h'
[2026-08-07 16:01:47] on_press: 'e' (run_enabled=False)
[2026-08-07 16:01:47] on_release: 'e'
[2026-08-07 16:01:47] on_press: Key.shift (run_enabled=False)
[2026-08-07 16:01:47] on_press: Key.shift (run_enabled=False)
[2026-08-07 16:01:47] on_press: Key.left (run_enabled=False)
[2026-08-07 16:01:47] on_release: Key.left
[2026-08-07 16:01:47] on_release: Key.shift
[2026-08-07 16:01:47] on_release: Key.shift
[2026-08-07 16:01:47] on_press: Key.backspace (run_enabled=False)
[2026-08-07 16:01:47] on_release: Key.backspace
[2026-08-07 16:01:47] on_press: 'ê' (run_enabled=False)
[2026-08-07 16:01:47] on_release: 'ê'
[2026-08-07 16:01:47] on_press: 'm' (run_enabled=False)
[2026-08-07 16:01:47] on_release: 'e'
[2026-08-07 16:01:47] on_release: 'm'
[2026-08-07 16:01:47] on_press: Key.space (run_enabled=False)
[2026-08-07 16:01:47] on_release: Key.space
[2026-08-07 16:01:48] on_press: 'g' (run_enabled=False)
[2026-08-07 16:01:48] on_release: 'g'
[2026-08-07 16:01:48] on_press: 'a' (run_enabled=False)
[2026-08-07 16:01:48] on_press: 'm' (run_enabled=False)
[2026-08-07 16:01:48] on_release: 'a'
[2026-08-07 16:01:48] on_release: 'm'
[2026-08-07 16:01:48] on_press: 'e' (run_enabled=False)
[2026-08-07 16:01:48] on_release: 'e'
[2026-08-07 16:01:49] on_press: 'p' (run_enabled=False)
[2026-08-07 16:01:49] on_release: 'p'
[2026-08-07 16:01:50] on_press: 'a' (run_enabled=False)
[2026-08-07 16:01:50] on_press: 't' (run_enabled=False)
[2026-08-07 16:01:50] on_release: 'a'
[2026-08-07 16:01:50] on_press: 'h' (run_enabled=False)
[2026-08-07 16:01:50] on_release: 't'
[2026-08-07 16:01:50] on_release: 'h'
[2026-08-07 16:01:50] on_press: Key.space (run_enabled=False)
[2026-08-07 16:01:50] on_release: Key.space
[2026-08-07 16:01:50] on_press: 't' (run_enabled=False)
[2026-08-07 16:01:50] on_press: 'h' (run_enabled=False)
[2026-08-07 16:01:50] on_release: 't'
[2026-08-07 16:01:50] on_release: 'h'
[2026-08-07 16:01:50] on_press: 'i' (run_enabled=False)
[2026-08-07 16:01:51] on_release: 'i'
[2026-08-07 16:01:51] on_press: Key.shift (run_enabled=False)
[2026-08-07 16:01:51] on_press: Key.shift (run_enabled=False)
[2026-08-07 16:01:51] on_press: Key.left (run_enabled=False)
[2026-08-07 16:01:51] on_release: Key.left
[2026-08-07 16:01:51] on_release: Key.shift
[2026-08-07 16:01:51] on_release: Key.shift
[2026-08-07 16:01:51] on_press: Key.backspace (run_enabled=False)
[2026-08-07 16:01:51] on_release: Key.backspace
[2026-08-07 16:01:51] on_press: 'ì' (run_enabled=False)
[2026-08-07 16:01:51] on_release: 'ì'
[2026-08-07 16:01:51] on_press: Key.space (run_enabled=False)
[2026-08-07 16:01:51] on_release: 'f'
[2026-08-07 16:01:51] on_release: Key.space
[2026-08-07 16:01:51] on_press: 'c' (run_enabled=False)
[2026-08-07 16:01:51] on_release: 'c'
[2026-08-07 16:01:51] on_press: 'o' (run_enabled=False)
[2026-08-07 16:01:51] on_press: Key.shift (run_enabled=False)
[2026-08-07 16:01:51] on_press: Key.shift (run_enabled=False)
[2026-08-07 16:01:51] on_press: Key.left (run_enabled=False)
[2026-08-07 16:01:51] on_release: Key.left
[2026-08-07 16:01:51] on_release: Key.shift
[2026-08-07 16:01:51] on_release: Key.shift
[2026-08-07 16:01:51] on_press: Key.backspace (run_enabled=False)
[2026-08-07 16:01:51] on_release: Key.backspace
[2026-08-07 16:01:51] on_press: 'ó' (run_enabled=False)
[2026-08-07 16:01:51] on_release: 'ó'
[2026-08-07 16:01:51] on_release: 'o'
[2026-08-07 16:01:51] on_release: 's'
[2026-08-07 16:01:51] on_press: Key.space (run_enabled=False)
[2026-08-07 16:01:51] on_release: Key.space
[2026-08-07 16:01:52] on_press: 'k' (run_enabled=False)
[2026-08-07 16:01:52] on_release: 'k'
[2026-08-07 16:01:52] on_press: Key.backspace (run_enabled=False)
[2026-08-07 16:01:52] on_release: Key.backspace
[2026-08-07 16:01:52] on_press: 'o' (run_enabled=False)
[2026-08-07 16:01:52] on_press: 'k' (run_enabled=False)
[2026-08-07 16:01:52] on_release: 'o'
[2026-08-07 16:01:52] on_release: 'k'
[2026-08-07 16:01:53] on_press: Key.space (run_enabled=False)
[2026-08-07 16:01:53] on_release: Key.space
[2026-08-07 16:01:53] on_press: 'k' (run_enabled=False)
[2026-08-07 16:01:53] on_release: 'k'
[2026-08-07 16:01:53] on_press: 'o' (run_enabled=False)
[2026-08-07 16:01:53] on_release: 'o'
[2026-08-07 16:01:53] on_press: Key.enter (run_enabled=False)
[2026-08-07 16:01:53] on_release: Key.enter
[2026-08-07 16:02:09] on_click (press): Button.left (run_enabled=False)
[2026-08-07 16:02:09] on_click (release): Button.left
[2026-08-07 16:02:11] on_press: 'n' (run_enabled=False)
[2026-08-07 16:02:11] on_release: 'n'
[2026-08-07 16:02:12] on_press: 'h' (run_enabled=False)
[2026-08-07 16:02:12] on_press: 'u' (run_enabled=False)
[2026-08-07 16:02:12] on_release: 'h'
[2026-08-07 16:02:12] on_release: 'u'
[2026-08-07 16:02:12] on_press: 'n' (run_enabled=False)
[2026-08-07 16:02:12] on_release: 'n'
[2026-08-07 16:02:12] on_press: 'g' (run_enabled=False)
[2026-08-07 16:02:12] on_press: Key.shift (run_enabled=False)
[2026-08-07 16:02:12] on_press: Key.shift (run_enabled=False)
[2026-08-07 16:02:12] on_press: Key.left (run_enabled=False)
[2026-08-07 16:02:12] on_release: Key.left
[2026-08-07 16:02:12] on_release: Key.shift
[2026-08-07 16:02:12] on_release: Key.shift
[2026-08-07 16:02:12] on_press: Key.backspace (run_enabled=False)
[2026-08-07 16:02:12] on_release: Key.backspace
[2026-08-07 16:02:12] on_press: Key.backspace (run_enabled=False)
[2026-08-07 16:02:12] on_release: Key.backspace
[2026-08-07 16:02:12] on_press: Key.backspace (run_enabled=False)
[2026-08-07 16:02:12] on_release: Key.backspace
[2026-08-07 16:02:12] on_press: 'ư' (run_enabled=False)
[2026-08-07 16:02:12] on_release: 'ư'
[2026-08-07 16:02:12] on_press: 'n' (run_enabled=False)
[2026-08-07 16:02:12] on_release: 'n'
[2026-08-07 16:02:12] on_press: 'g' (run_enabled=False)
[2026-08-07 16:02:12] on_release: 'g'
[2026-08-07 16:02:12] on_release: 'g'
[2026-08-07 16:02:12] on_release: 'w'
[2026-08-07 16:02:12] on_press: Key.space (run_enabled=False)
[2026-08-07 16:02:12] on_release: Key.space
[2026-08-07 16:02:14] on_press: 'p' (run_enabled=False)
[2026-08-07 16:02:14] on_release: 'p'
[2026-08-07 16:02:14] on_press: 'h' (run_enabled=False)
[2026-08-07 16:02:14] on_release: 'h'
[2026-08-07 16:02:14] on_press: 'a' (run_enabled=False)
[2026-08-07 16:02:14] on_release: 'a'
[2026-08-07 16:02:14] on_press: 'i' (run_enabled=False)
[2026-08-07 16:02:14] on_release: 'i'
[2026-08-07 16:02:14] on_press: Key.shift (run_enabled=False)
[2026-08-07 16:02:14] on_press: Key.shift (run_enabled=False)
[2026-08-07 16:02:14] on_press: Key.left (run_enabled=False)
[2026-08-07 16:02:14] on_release: Key.left
[2026-08-07 16:02:14] on_release: Key.shift
[2026-08-07 16:02:14] on_release: Key.shift
[2026-08-07 16:02:14] on_press: Key.backspace (run_enabled=False)
[2026-08-07 16:02:14] on_release: Key.backspace
[2026-08-07 16:02:14] on_press: Key.backspace (run_enabled=False)
[2026-08-07 16:02:14] on_release: Key.backspace
[2026-08-07 16:02:14] on_press: 'ả' (run_enabled=False)
[2026-08-07 16:02:14] on_release: 'ả'
[2026-08-07 16:02:14] on_press: 'i' (run_enabled=False)
[2026-08-07 16:02:14] on_release: 'i'
[2026-08-07 16:02:14] on_release: 'r'
[2026-08-07 16:02:14] on_press: Key.space (run_enabled=False)
[2026-08-07 16:02:14] on_release: Key.space
[2026-08-07 16:02:14] on_press: 'c' (run_enabled=False)
[2026-08-07 16:02:14] on_release: 'c'
[2026-08-07 16:02:15] on_press: 'h' (run_enabled=False)
[2026-08-07 16:02:15] on_press: 'a' (run_enabled=False)
[2026-08-07 16:02:15] on_release: 'h'
[2026-08-07 16:02:15] on_release: 'a'
[2026-08-07 16:02:15] on_press: 'y' (run_enabled=False)
[2026-08-07 16:02:15] on_release: 'y'
[2026-08-07 16:02:15] on_press: Key.shift (run_enabled=False)
[2026-08-07 16:02:15] on_press: Key.shift (run_enabled=False)
[2026-08-07 16:02:15] on_press: Key.left (run_enabled=False)
[2026-08-07 16:02:15] on_release: Key.left
[2026-08-07 16:02:15] on_release: Key.shift
[2026-08-07 16:02:15] on_release: Key.shift
[2026-08-07 16:02:15] on_press: Key.backspace (run_enabled=False)
[2026-08-07 16:02:15] on_release: Key.backspace
[2026-08-07 16:02:15] on_press: Key.backspace (run_enabled=False)
[2026-08-07 16:02:15] on_release: Key.backspace
[2026-08-07 16:02:15] on_press: 'ạ' (run_enabled=False)
[2026-08-07 16:02:15] on_release: 'ạ'
[2026-08-07 16:02:15] on_press: 'y' (run_enabled=False)
[2026-08-07 16:02:15] on_release: 'y'
[2026-08-07 16:02:15] on_release: 'j'
[2026-08-07 16:02:15] on_press: Key.space (run_enabled=False)
[2026-08-07 16:02:15] on_release: Key.space
[2026-08-07 16:02:15] on_press: 'f' (run_enabled=False)
[2026-08-07 16:02:15] on_press: 'i' (run_enabled=False)
[2026-08-07 16:02:15] on_release: 'f'
[2026-08-07 16:02:15] on_release: 'i'
[2026-08-07 16:02:16] on_press: 'l' (run_enabled=False)
[2026-08-07 16:02:16] on_press: 'e' (run_enabled=False)
[2026-08-07 16:02:16] on_release: 'l'
[2026-08-07 16:02:16] on_release: 'e'
[2026-08-07 16:02:16] on_press: Key.space (run_enabled=False)
[2026-08-07 16:02:16] on_release: Key.space
[2026-08-07 16:02:16] on_press: 'b' (run_enabled=False)
[2026-08-07 16:02:16] on_release: 'b'
[2026-08-07 16:02:16] on_press: 'a' (run_enabled=False)
[2026-08-07 16:02:16] on_release: 'a'
[2026-08-07 16:02:16] on_press: 't' (run_enabled=False)
[2026-08-07 16:02:16] on_release: 't'
[2026-08-07 16:02:16] on_press: Key.space (run_enabled=False)
[2026-08-07 16:02:17] on_release: Key.space
[2026-08-07 16:02:17] on_press: 'd' (run_enabled=False)
[2026-08-07 16:02:17] on_release: 'd'
[2026-08-07 16:02:17] on_press: Key.shift (run_enabled=False)
[2026-08-07 16:02:17] on_press: Key.shift (run_enabled=False)
[2026-08-07 16:02:17] on_press: Key.left (run_enabled=False)
[2026-08-07 16:02:17] on_release: Key.left
[2026-08-07 16:02:17] on_release: Key.shift
[2026-08-07 16:02:17] on_release: Key.shift
[2026-08-07 16:02:17] on_press: Key.backspace (run_enabled=False)
[2026-08-07 16:02:17] on_release: Key.backspace
[2026-08-07 16:02:17] on_press: 'đ' (run_enabled=False)
[2026-08-07 16:02:17] on_release: 'đ'
[2026-08-07 16:02:17] on_release: 'd'
[2026-08-07 16:02:17] on_press: 'o' (run_enabled=False)
[2026-08-07 16:02:17] on_release: 'o'
[2026-08-07 16:02:17] on_press: Key.shift (run_enabled=False)
[2026-08-07 16:02:17] on_press: Key.shift (run_enabled=False)
[2026-08-07 16:02:17] on_press: Key.left (run_enabled=False)
[2026-08-07 16:02:17] on_release: Key.left
[2026-08-07 16:02:17] on_release: Key.shift
[2026-08-07 16:02:17] on_release: Key.shift
[2026-08-07 16:02:17] on_press: Key.backspace (run_enabled=False)
[2026-08-07 16:02:17] on_release: Key.backspace
[2026-08-07 16:02:17] on_press: 'ó' (run_enabled=False)
[2026-08-07 16:02:17] on_release: 'ó'
[2026-08-07 16:02:17] on_release: 's'
[2026-08-07 16:02:17] on_press: Key.space (run_enabled=False)
[2026-08-07 16:02:17] on_release: Key.space
[2026-08-07 16:02:17] on_press: 'o' (run_enabled=False)
[2026-08-07 16:02:17] on_release: 'o'
[2026-08-07 16:02:17] on_press: Key.shift (run_enabled=False)
[2026-08-07 16:02:17] on_press: Key.shift (run_enabled=False)
[2026-08-07 16:02:17] on_press: Key.left (run_enabled=False)
[2026-08-07 16:02:17] on_release: Key.left
[2026-08-07 16:02:17] on_release: Key.shift
[2026-08-07 16:02:17] on_release: Key.shift
[2026-08-07 16:02:17] on_press: Key.backspace (run_enabled=False)
[2026-08-07 16:02:17] on_release: Key.backspace
[2026-08-07 16:02:17] on_press: 'ơ' (run_enabled=False)
[2026-08-07 16:02:17] on_release: 'ơ'
[2026-08-07 16:02:18] on_press: Key.shift (run_enabled=False)
[2026-08-07 16:02:18] on_press: Key.shift (run_enabled=False)
[2026-08-07 16:02:18] on_press: Key.left (run_enabled=False)
[2026-08-07 16:02:18] on_release: Key.left
[2026-08-07 16:02:18] on_release: Key.shift
[2026-08-07 16:02:18] on_release: Key.shift
[2026-08-07 16:02:18] on_press: Key.backspace (run_enabled=False)
[2026-08-07 16:02:18] on_release: Key.backspace
[2026-08-07 16:02:18] on_press: 'ở' (run_enabled=False)
[2026-08-07 16:02:18] on_release: 'ở'
[2026-08-07 16:02:18] on_release: 'w'
[2026-08-07 16:02:18] on_press: Key.space (run_enabled=False)
[2026-08-07 16:02:18] on_release: 'r'
[2026-08-07 16:02:18] on_release: Key.space
[2026-08-07 16:02:18] on_press: 'q' (run_enabled=False)
[2026-08-07 16:02:18] on_press: 'u' (run_enabled=False)
[2026-08-07 16:02:18] on_release: 'q'
[2026-08-07 16:02:18] on_press: 'y' (run_enabled=False)
[2026-08-07 16:02:18] on_release: 'u'
[2026-08-07 16:02:18] on_release: 'y'
[2026-08-07 16:02:18] on_press: 'e' (run_enabled=False)
[2026-08-07 16:02:18] on_release: 'e'
[2026-08-07 16:02:18] on_press: Key.shift (run_enabled=False)
[2026-08-07 16:02:18] on_press: Key.shift (run_enabled=False)
[2026-08-07 16:02:18] on_press: Key.left (run_enabled=False)
[2026-08-07 16:02:18] on_release: Key.left
[2026-08-07 16:02:18] on_release: Key.shift
[2026-08-07 16:02:18] on_release: Key.shift
[2026-08-07 16:02:18] on_press: Key.backspace (run_enabled=False)
[2026-08-07 16:02:18] on_release: Key.backspace
[2026-08-07 16:02:18] on_press: 'ê' (run_enabled=False)
[2026-08-07 16:02:18] on_release: 'ê'
[2026-08-07 16:02:18] on_release: 'e'
[2026-08-07 16:02:18] on_press: 'n' (run_enabled=False)
[2026-08-07 16:02:18] on_press: Key.shift (run_enabled=False)
[2026-08-07 16:02:18] on_press: Key.shift (run_enabled=False)
[2026-08-07 16:02:18] on_press: Key.left (run_enabled=False)
[2026-08-07 16:02:18] on_release: Key.left
[2026-08-07 16:02:18] on_release: Key.shift
[2026-08-07 16:02:18] on_release: Key.shift
[2026-08-07 16:02:18] on_press: Key.backspace (run_enabled=False)
[2026-08-07 16:02:18] on_release: Key.backspace
[2026-08-07 16:02:18] on_press: Key.backspace (run_enabled=False)
[2026-08-07 16:02:18] on_release: Key.backspace
[2026-08-07 16:02:18] on_press: 'ề' (run_enabled=False)
[2026-08-07 16:02:18] on_release: 'ề'
[2026-08-07 16:02:18] on_press: 'n' (run_enabled=False)
[2026-08-07 16:02:18] on_release: 'n'
[2026-08-07 16:02:18] on_release: 'n'
[2026-08-07 16:02:19] on_release: 'f'
[2026-08-07 16:02:19] on_press: Key.space (run_enabled=False)
[2026-08-07 16:02:19] on_release: Key.space
[2026-08-07 16:02:19] on_press: 'a' (run_enabled=False)
[2026-08-07 16:02:19] on_press: 'd' (run_enabled=False)
[2026-08-07 16:02:19] on_release: 'a'
[2026-08-07 16:02:19] on_release: 'd'
[2026-08-07 16:02:19] on_press: 'm' (run_enabled=False)
[2026-08-07 16:02:19] on_release: 'm'
[2026-08-07 16:02:19] on_press: 'i' (run_enabled=False)
[2026-08-07 16:02:19] on_release: 'i'
[2026-08-07 16:02:19] on_press: 'n' (run_enabled=False)
[2026-08-07 16:02:19] on_release: 'n'
[2026-08-07 16:02:20] on_press: Key.enter (run_enabled=False)
[2026-08-07 16:02:20] on_release: Key.enter
[2026-08-07 16:02:29] on_click (press): Button.left (run_enabled=False)
[2026-08-07 16:02:31] on_click (release): Button.left
[2026-08-07 16:02:32] on_press: Key.ctrl_l (run_enabled=False)
[2026-08-07 16:02:32] on_press: '\x03' (run_enabled=False)
[2026-08-07 16:02:32] on_release: '\x03'
[2026-08-07 16:02:32] on_release: Key.ctrl_l
[2026-08-07 16:02:33] on_click (press): Button.left (run_enabled=False)
[2026-08-07 16:02:33] on_click (release): Button.left
[2026-08-07 16:02:35] on_click (press): Button.left (run_enabled=False)
[2026-08-07 16:02:35] on_click (release): Button.left
[2026-08-07 16:02:37] on_click (press): Button.left (run_enabled=False)
[2026-08-07 16:02:37] on_click (release): Button.left
[2026-08-07 16:02:40] on_click (press): Button.left (run_enabled=False)
[2026-08-07 16:02:43] on_click (release): Button.left
[2026-08-07 16:02:43] on_press: Key.ctrl_l (run_enabled=False)
[2026-08-07 16:02:43] on_press: '\x16' (run_enabled=False)
[2026-08-07 16:02:43] on_release: '\x16'
[2026-08-07 16:02:43] on_release: Key.ctrl_l
[2026-08-07 16:02:43] on_click (press): Button.right (run_enabled=False)
[2026-08-07 16:02:43] on_click (release): Button.right
[2026-08-07 16:02:45] on_click (press): Button.left (run_enabled=False)
[2026-08-07 16:02:45] on_click (release): Button.left
[2026-08-07 16:02:46] on_click (press): Button.left (run_enabled=False)
[2026-08-07 16:02:47] on_click (release): Button.left
[2026-08-07 16:02:47] on_click (press): Button.left (run_enabled=False)
[2026-08-07 16:02:47] on_click (release): Button.left
[2026-08-07 16:02:47] on_click (press): Button.left (run_enabled=False)
[2026-08-07 16:02:47] on_click (release): Button.left
[2026-08-07 16:02:48] on_press: Key.ctrl_l (run_enabled=False)
[2026-08-07 16:02:48] on_press: '\x13' (run_enabled=False)
[2026-08-07 16:02:48] on_release: '\x13'
[2026-08-07 16:02:48] on_release: Key.ctrl_l
[2026-08-07 16:02:49] on_click (press): Button.left (run_enabled=False)
[2026-08-07 16:02:49] on_click (release): Button.left
[2026-08-07 16:02:50] on_click (press): Button.left (run_enabled=False)
[2026-08-07 16:02:50] on_click (release): Button.left
[2026-08-07 16:02:52] on_click (press): Button.left (run_enabled=False)
[2026-08-07 16:02:53] on_click (release): Button.left
[2026-08-07 16:02:56] apply_all_bindings called with: {}
[2026-08-07 16:02:57] on_click (press): Button.left (run_enabled=False)
[2026-08-07 16:02:57] on_click (release): Button.left
[2026-08-07 16:02:59] on_click (press): Button.left (run_enabled=False)
[2026-08-07 16:03:00] on_click (release): Button.left
[2026-08-07 16:03:00] on_click (press): Button.left (run_enabled=False)
[2026-08-07 16:03:01] on_click (release): Button.left
[2026-08-07 16:03:03] on_click (press): Button.left (run_enabled=False)
[2026-08-07 16:03:03] on_click (release): Button.left
[2026-08-07 16:03:10] on_click (press): Button.left (run_enabled=False)
[2026-08-07 16:03:10] on_click (release): Button.left
[2026-08-07 16:03:15] on_press: Key.ctrl_l (run_enabled=False)
[2026-08-07 16:03:16] on_press: '\x1a' (run_enabled=False)
[2026-08-07 16:03:16] on_release: '\x1a'
[2026-08-07 16:03:16] on_press: '\x1a' (run_enabled=False)
[2026-08-07 16:03:16] on_release: '\x1a'
[2026-08-07 16:03:17] on_release: Key.ctrl_l
[2026-08-07 16:03:18] on_press: Key.ctrl_l (run_enabled=False)
[2026-08-07 16:03:19] on_press: '\x19' (run_enabled=False)
[2026-08-07 16:03:19] on_release: '\x19'
[2026-08-07 16:03:19] on_press: '\x19' (run_enabled=False)
[2026-08-07 16:03:19] on_release: '\x19'
[2026-08-07 16:03:20] on_release: Key.ctrl_l
[2026-08-07 16:03:27] on_press: Key.ctrl_l (run_enabled=False)
[2026-08-07 16:03:27] on_press: '\x1a' (run_enabled=False)
[2026-08-07 16:03:27] on_release: '\x1a'
[2026-08-07 16:03:27] on_press: '\x1a' (run_enabled=False)
[2026-08-07 16:03:27] on_release: '\x1a'
[2026-08-07 16:03:28] on_release: Key.ctrl_l
[2026-08-07 16:03:35] on_click (press): Button.left (run_enabled=False)
[2026-08-07 16:03:35] on_click (release): Button.left
[2026-08-07 16:03:35] on_click (press): Button.left (run_enabled=False)
[2026-08-07 16:03:35] on_click (release): Button.left
[2026-08-07 16:03:39] on_click (press): Button.left (run_enabled=False)
[2026-08-07 16:03:39] on_click (release): Button.left
[2026-08-07 16:03:39] on_press: Key.ctrl_l (run_enabled=False)
[2026-08-07 16:03:40] on_press: '\x03' (run_enabled=False)
[2026-08-07 16:03:40] on_release: '\x03'
[2026-08-07 16:03:40] on_release: Key.ctrl_l
[2026-08-07 16:03:41] on_click (press): Button.left (run_enabled=False)
[2026-08-07 16:03:41] on_click (release): Button.left
[2026-08-07 16:03:42] on_click (press): Button.left (run_enabled=False)
[2026-08-07 16:03:42] on_click (release): Button.left
[2026-08-07 16:03:46] on_press: Key.ctrl_l (run_enabled=False)
[2026-08-07 16:03:46] on_press: '\x16' (run_enabled=False)
[2026-08-07 16:03:46] on_release: '\x16'
[2026-08-07 16:03:46] on_release: Key.ctrl_l
[2026-08-07 16:03:47] on_press: Key.shift (run_enabled=False)
[2026-08-07 16:03:48] on_press: Key.shift (run_enabled=False)
[2026-08-07 16:03:48] on_press: Key.shift (run_enabled=False)
[2026-08-07 16:03:48] on_press: Key.shift (run_enabled=False)
[2026-08-07 16:03:48] on_press: Key.shift (run_enabled=False)
[2026-08-07 16:03:48] on_press: '|' (run_enabled=False)
[2026-08-07 16:03:48] on_release: '|'
[2026-08-07 16:03:49] on_release: Key.shift
[2026-08-07 16:03:49] on_press: Key.backspace (run_enabled=False)
[2026-08-07 16:03:49] on_release: Key.backspace
[2026-08-07 16:03:49] on_press: Key.shift (run_enabled=False)
[2026-08-07 16:03:50] on_press: Key.enter (run_enabled=False)
[2026-08-07 16:03:50] on_release: Key.enter
[2026-08-07 16:03:50] on_release: Key.shift
[2026-08-07 16:03:50] on_press: 'g' (run_enabled=False)
[2026-08-07 16:03:51] on_release: 'g'
[2026-08-07 16:03:51] on_press: 'i' (run_enabled=False)
[2026-08-07 16:03:51] on_release: 'i'
[2026-08-07 16:03:51] on_press: 'f' (run_enabled=False)
[2026-08-07 16:03:51] on_press: Key.shift (run_enabled=False)
[2026-08-07 16:03:51] on_press: Key.shift (run_enabled=False)
[2026-08-07 16:03:51] on_press: Key.left (run_enabled=False)
[2026-08-07 16:03:51] on_release: Key.left
[2026-08-07 16:03:51] on_release: Key.shift
[2026-08-07 16:03:51] on_release: Key.shift
[2026-08-07 16:03:51] on_press: Key.backspace (run_enabled=False)
[2026-08-07 16:03:51] on_release: Key.backspace
[2026-08-07 16:03:51] on_press: 'ì' (run_enabled=False)
[2026-08-07 16:03:51] on_release: 'ì'
[2026-08-07 16:03:51] on_release: 'f'
[2026-08-07 16:03:51] on_press: Key.space (run_enabled=False)
[2026-08-07 16:03:51] on_release: Key.space
[2026-08-07 16:03:51] on_press: 'g' (run_enabled=False)
[2026-08-07 16:03:51] on_press: 'i' (run_enabled=False)
[2026-08-07 16:03:51] on_release: 'g'
[2026-08-07 16:03:51] on_release: 'i'
[2026-08-07 16:03:51] on_press: 'f' (run_enabled=False)
[2026-08-07 16:03:51] on_press: Key.shift (run_enabled=False)
[2026-08-07 16:03:51] on_press: Key.shift (run_enabled=False)
[2026-08-07 16:03:51] on_press: Key.left (run_enabled=False)
[2026-08-07 16:03:51] on_release: Key.left
[2026-08-07 16:03:51] on_release: Key.shift
[2026-08-07 16:03:51] on_release: Key.shift
[2026-08-07 16:03:51] on_press: Key.backspace (run_enabled=False)
[2026-08-07 16:03:51] on_release: Key.backspace
[2026-08-07 16:03:51] on_press: 'ì' (run_enabled=False)
[2026-08-07 16:03:51] on_release: 'ì'
[2026-08-07 16:03:51] on_release: 'f'
[2026-08-07 16:03:51] on_press: Key.space (run_enabled=False)
[2026-08-07 16:03:51] on_release: Key.space
[2026-08-07 16:03:52] on_press: 'g' (run_enabled=False)
[2026-08-07 16:03:52] on_press: 'i' (run_enabled=False)
[2026-08-07 16:03:52] on_release: 'g'
[2026-08-07 16:03:52] on_press: 'o' (run_enabled=False)
[2026-08-07 16:03:52] on_release: 'i'
[2026-08-07 16:03:52] on_press: 'w' (run_enabled=False)
[2026-08-07 16:03:52] on_press: Key.shift (run_enabled=False)
[2026-08-07 16:03:52] on_press: Key.shift (run_enabled=False)
[2026-08-07 16:03:52] on_press: Key.left (run_enabled=False)
[2026-08-07 16:03:52] on_release: Key.left
[2026-08-07 16:03:52] on_release: Key.shift
[2026-08-07 16:03:52] on_release: Key.shift
[2026-08-07 16:03:52] on_press: Key.backspace (run_enabled=False)
[2026-08-07 16:03:52] on_release: Key.backspace
[2026-08-07 16:03:52] on_press: 'ơ' (run_enabled=False)
[2026-08-07 16:03:52] on_release: 'ơ'
[2026-08-07 16:03:52] on_release: 'o'
[2026-08-07 16:03:52] on_press: 'f' (run_enabled=False)
[2026-08-07 16:03:52] on_press: Key.shift (run_enabled=False)
[2026-08-07 16:03:52] on_press: Key.shift (run_enabled=False)
[2026-08-07 16:03:52] on_press: Key.left (run_enabled=False)
[2026-08-07 16:03:52] on_release: Key.left
[2026-08-07 16:03:52] on_release: Key.shift
[2026-08-07 16:03:52] on_release: Key.shift
[2026-08-07 16:03:52] on_press: Key.backspace (run_enabled=False)
[2026-08-07 16:03:52] on_release: Key.backspace
[2026-08-07 16:03:52] on_press: 'ờ' (run_enabled=False)
[2026-08-07 16:03:52] on_release: 'ờ'
[2026-08-07 16:03:52] on_release: 'w'
[2026-08-07 16:03:52] on_press: Key.space (run_enabled=False)
[2026-08-07 16:03:52] on_release: 'f'
[2026-08-07 16:03:52] on_release: Key.space
[2026-08-07 16:03:52] on_press: 'm' (run_enabled=False)
[2026-08-07 16:03:52] on_release: 'm'
[2026-08-07 16:03:52] on_press: 'u' (run_enabled=False)
[2026-08-07 16:03:53] on_release: 'u'
[2026-08-07 16:03:53] on_press: 'o' (run_enabled=False)
[2026-08-07 16:03:53] on_release: 'o'
[2026-08-07 16:03:53] on_press: 'o' (run_enabled=False)
[2026-08-07 16:03:53] on_press: Key.shift (run_enabled=False)
[2026-08-07 16:03:53] on_press: Key.shift (run_enabled=False)
[2026-08-07 16:03:53] on_press: Key.left (run_enabled=False)
[2026-08-07 16:03:53] on_release: Key.left
[2026-08-07 16:03:53] on_release: Key.shift
[2026-08-07 16:03:53] on_release: Key.shift
[2026-08-07 16:03:53] on_press: Key.backspace (run_enabled=False)
[2026-08-07 16:03:53] on_release: Key.backspace
[2026-08-07 16:03:53] on_press: 'ô' (run_enabled=False)
[2026-08-07 16:03:53] on_release: 'ô'
[2026-08-07 16:03:53] on_release: 'o'
[2026-08-07 16:03:53] on_press: 'n' (run_enabled=False)
[2026-08-07 16:03:53] on_release: 'n'
[2026-08-07 16:03:53] on_press: 's' (run_enabled=False)
[2026-08-07 16:03:53] on_press: Key.shift (run_enabled=False)
[2026-08-07 16:03:53] on_press: Key.shift (run_enabled=False)
[2026-08-07 16:03:53] on_press: Key.left (run_enabled=False)
[2026-08-07 16:03:53] on_release: Key.left
[2026-08-07 16:03:53] on_release: Key.shift
[2026-08-07 16:03:53] on_release: Key.shift
[2026-08-07 16:03:53] on_press: Key.backspace (run_enabled=False)
[2026-08-07 16:03:53] on_release: Key.backspace
[2026-08-07 16:03:53] on_press: Key.backspace (run_enabled=False)
[2026-08-07 16:03:53] on_release: Key.backspace
[2026-08-07 16:03:53] on_press: 'ố' (run_enabled=False)
[2026-08-07 16:03:53] on_release: 'ố'
[2026-08-07 16:03:53] on_press: 'n' (run_enabled=False)
[2026-08-07 16:03:53] on_release: 'n'
[2026-08-07 16:03:53] on_release: 's'
[2026-08-07 16:03:53] on_press: Key.space (run_enabled=False)
[2026-08-07 16:03:53] on_release: Key.space
[2026-08-07 16:03:53] on_press: 's' (run_enabled=False)
[2026-08-07 16:03:53] on_release: 's'
[2026-08-07 16:03:53] on_press: 'u' (run_enabled=False)
[2026-08-07 16:03:53] on_release: 'u'
[2026-08-07 16:03:53] on_press: 'a' (run_enabled=False)
[2026-08-07 16:03:54] on_press: 'w' (run_enabled=False)
[2026-08-07 16:03:54] on_press: Key.shift (run_enabled=False)
[2026-08-07 16:03:54] on_press: Key.shift (run_enabled=False)
[2026-08-07 16:03:54] on_press: Key.left (run_enabled=False)
[2026-08-07 16:03:54] on_release: Key.left
[2026-08-07 16:03:54] on_release: Key.shift
[2026-08-07 16:03:54] on_release: Key.shift
[2026-08-07 16:03:54] on_press: Key.backspace (run_enabled=False)
[2026-08-07 16:03:54] on_release: Key.backspace
[2026-08-07 16:03:54] on_press: Key.backspace (run_enabled=False)
[2026-08-07 16:03:54] on_release: Key.backspace
[2026-08-07 16:03:54] on_press: 'ư' (run_enabled=False)
[2026-08-07 16:03:54] on_release: 'ư'
[2026-08-07 16:03:54] on_press: 'a' (run_enabled=False)
[2026-08-07 16:03:54] on_release: 'a'
[2026-08-07 16:03:54] on_release: 'a'
[2026-08-07 16:03:54] on_press: 'r' (run_enabled=False)
[2026-08-07 16:03:54] on_press: Key.shift (run_enabled=False)
[2026-08-07 16:03:54] on_press: Key.shift (run_enabled=False)
[2026-08-07 16:03:54] on_press: Key.left (run_enabled=False)
[2026-08-07 16:03:54] on_release: Key.left
[2026-08-07 16:03:54] on_release: Key.shift
[2026-08-07 16:03:54] on_release: Key.shift
[2026-08-07 16:03:54] on_press: Key.backspace (run_enabled=False)
[2026-08-07 16:03:54] on_release: Key.backspace
[2026-08-07 16:03:54] on_press: Key.backspace (run_enabled=False)
[2026-08-07 16:03:54] on_release: Key.backspace
[2026-08-07 16:03:54] on_press: 'ử' (run_enabled=False)
[2026-08-07 16:03:54] on_release: 'ử'
[2026-08-07 16:03:54] on_press: 'a' (run_enabled=False)
[2026-08-07 16:03:54] on_release: 'a'
[2026-08-07 16:03:54] on_release: 'w'
[2026-08-07 16:03:54] on_press: Key.space (run_enabled=False)
[2026-08-07 16:03:54] on_release: 'r'
[2026-08-07 16:03:54] on_release: Key.space
[2026-08-07 16:03:54] on_press: 'l' (run_enabled=False)
[2026-08-07 16:03:54] on_release: 'l'
[2026-08-07 16:03:54] on_press: 'u' (run_enabled=False)
[2026-08-07 16:03:54] on_release: 'u'
[2026-08-07 16:03:54] on_press: 'o' (run_enabled=False)
[2026-08-07 16:03:54] on_release: 'o'
[2026-08-07 16:03:54] on_press: 'o' (run_enabled=False)
[2026-08-07 16:03:54] on_press: Key.shift (run_enabled=False)
[2026-08-07 16:03:54] on_press: Key.shift (run_enabled=False)
[2026-08-07 16:03:54] on_press: Key.left (run_enabled=False)
[2026-08-07 16:03:54] on_release: Key.left
[2026-08-07 16:03:54] on_release: Key.shift
[2026-08-07 16:03:54] on_release: Key.shift
[2026-08-07 16:03:54] on_press: Key.backspace (run_enabled=False)
[2026-08-07 16:03:54] on_release: Key.backspace
[2026-08-07 16:03:54] on_press: 'ô' (run_enabled=False)
[2026-08-07 16:03:54] on_release: 'ô'
[2026-08-07 16:03:55] on_release: 'o'
[2026-08-07 16:03:55] on_press: 'n' (run_enabled=False)
[2026-08-07 16:03:55] on_release: 'n'
[2026-08-07 16:03:55] on_press: Key.space (run_enabled=False)
[2026-08-07 16:03:55] on_release: Key.space
[2026-08-07 16:03:55] on_press: 'c' (run_enabled=False)
[2026-08-07 16:03:55] on_release: 'c'
[2026-08-07 16:03:55] on_press: 'a' (run_enabled=False)
[2026-08-07 16:03:55] on_press: 'i' (run_enabled=False)
[2026-08-07 16:03:55] on_release: 'a'
[2026-08-07 16:03:55] on_press: 's' (run_enabled=False)
[2026-08-07 16:03:55] on_press: Key.shift (run_enabled=False)
[2026-08-07 16:03:55] on_press: Key.shift (run_enabled=False)
[2026-08-07 16:03:55] on_press: Key.left (run_enabled=False)
[2026-08-07 16:03:55] on_release: Key.left
[2026-08-07 16:03:55] on_release: Key.shift
[2026-08-07 16:03:55] on_release: Key.shift
[2026-08-07 16:03:55] on_press: Key.backspace (run_enabled=False)
[2026-08-07 16:03:55] on_release: Key.backspace
[2026-08-07 16:03:55] on_press: Key.backspace (run_enabled=False)
[2026-08-07 16:03:55] on_release: Key.backspace
[2026-08-07 16:03:55] on_press: 'á' (run_enabled=False)
[2026-08-07 16:03:55] on_release: 'á'
[2026-08-07 16:03:55] on_press: 'i' (run_enabled=False)
[2026-08-07 16:03:55] on_release: 'i'
[2026-08-07 16:03:55] on_release: 'i'
[2026-08-07 16:03:55] on_release: 's'
[2026-08-07 16:03:55] on_press: Key.space (run_enabled=False)
[2026-08-07 16:03:55] on_release: Key.space
[2026-08-07 16:03:56] on_press: 'f' (run_enabled=False)
[2026-08-07 16:03:56] on_press: 'i' (run_enabled=False)
[2026-08-07 16:03:56] on_release: 'f'
[2026-08-07 16:03:56] on_release: 'i'
[2026-08-07 16:03:56] on_press: 'l' (run_enabled=False)
[2026-08-07 16:03:56] on_press: 'e' (run_enabled=False)
[2026-08-07 16:03:56] on_release: 'l'
[2026-08-07 16:03:56] on_release: 'e'
[2026-08-07 16:03:56] on_press: Key.space (run_enabled=False)
[2026-08-07 16:03:56] on_release: Key.space
[2026-08-07 16:03:56] on_press: 'n' (run_enabled=False)
[2026-08-07 16:03:56] on_release: 'n'
[2026-08-07 16:03:56] on_press: 'a' (run_enabled=False)
[2026-08-07 16:03:57] on_release: 'a'
[2026-08-07 16:03:57] on_press: 'y' (run_enabled=False)
[2026-08-07 16:03:57] on_release: 'y'
[2026-08-07 16:03:57] on_press: 'f' (run_enabled=False)
[2026-08-07 16:03:57] on_press: Key.shift (run_enabled=False)
[2026-08-07 16:03:57] on_press: Key.shift (run_enabled=False)
[2026-08-07 16:03:57] on_press: Key.left (run_enabled=False)
[2026-08-07 16:03:57] on_release: Key.left
[2026-08-07 16:03:57] on_release: Key.shift
[2026-08-07 16:03:57] on_release: Key.shift
[2026-08-07 16:03:57] on_press: Key.backspace (run_enabled=False)
[2026-08-07 16:03:57] on_release: Key.backspace
[2026-08-07 16:03:57] on_press: Key.backspace (run_enabled=False)
[2026-08-07 16:03:57] on_release: Key.backspace
[2026-08-07 16:03:57] on_press: 'à' (run_enabled=False)
[2026-08-07 16:03:57] on_release: 'à'
[2026-08-07 16:03:57] on_press: 'y' (run_enabled=False)
[2026-08-07 16:03:57] on_release: 'y'
[2026-08-07 16:03:57] on_release: 'f'
[2026-08-07 16:03:57] on_press: Key.backspace (run_enabled=False)
[2026-08-07 16:03:57] on_release: Key.backspace
[2026-08-07 16:03:57] on_press: Key.backspace (run_enabled=False)
[2026-08-07 16:03:57] on_release: Key.backspace
[2026-08-07 16:03:57] on_press: Key.backspace (run_enabled=False)
[2026-08-07 16:03:58] on_release: Key.backspace
[2026-08-07 16:03:58] on_press: Key.backspace (run_enabled=False)
[2026-08-07 16:03:58] on_release: Key.backspace
[2026-08-07 16:03:58] on_press: Key.backspace (run_enabled=False)
[2026-08-07 16:03:58] on_release: Key.backspace
[2026-08-07 16:03:58] on_press: Key.backspace (run_enabled=False)
[2026-08-07 16:03:58] on_release: Key.backspace
[2026-08-07 16:03:58] on_press: Key.backspace (run_enabled=False)
[2026-08-07 16:03:58] on_release: Key.backspace
[2026-08-07 16:03:58] on_press: Key.backspace (run_enabled=False)
[2026-08-07 16:03:58] on_release: Key.backspace
[2026-08-07 16:03:58] on_press: Key.backspace (run_enabled=False)
[2026-08-07 16:03:58] on_release: Key.backspace
[2026-08-07 16:03:59] on_press: Key.space (run_enabled=False)
[2026-08-07 16:03:59] on_release: Key.space
[2026-08-07 16:03:59] on_press: 'c' (run_enabled=False)
[2026-08-07 16:03:59] on_release: 'c'
[2026-08-07 16:03:59] on_press: 'o' (run_enabled=False)
[2026-08-07 16:03:59] on_press: 'd' (run_enabled=False)
[2026-08-07 16:03:59] on_release: 'o'
[2026-08-07 16:03:59] on_press: 'e' (run_enabled=False)
[2026-08-07 16:03:59] on_release: 'd'
[2026-08-07 16:03:59] on_press: Key.space (run_enabled=False)
[2026-08-07 16:03:59] on_release: 'e'
[2026-08-07 16:03:59] on_release: Key.space
[2026-08-07 16:03:59] on_press: 'n' (run_enabled=False)
[2026-08-07 16:03:59] on_release: 'n'
[2026-08-07 16:03:59] on_press: 'a' (run_enabled=False)
[2026-08-07 16:04:00] on_release: 'a'
[2026-08-07 16:04:00] on_press: 'y' (run_enabled=False)
[2026-08-07 16:04:00] on_release: 'y'
[2026-08-07 16:04:00] on_press: 'f' (run_enabled=False)
[2026-08-07 16:04:00] on_press: Key.shift (run_enabled=False)
[2026-08-07 16:04:00] on_press: Key.shift (run_enabled=False)
[2026-08-07 16:04:00] on_press: Key.left (run_enabled=False)
[2026-08-07 16:04:00] on_release: Key.left
[2026-08-07 16:04:00] on_release: Key.shift
[2026-08-07 16:04:00] on_release: Key.shift
[2026-08-07 16:04:00] on_press: Key.backspace (run_enabled=False)
[2026-08-07 16:04:00] on_release: Key.backspace
[2026-08-07 16:04:00] on_press: Key.backspace (run_enabled=False)
[2026-08-07 16:04:00] on_release: Key.backspace
[2026-08-07 16:04:00] on_press: 'à' (run_enabled=False)
[2026-08-07 16:04:00] on_release: 'à'
[2026-08-07 16:04:00] on_press: 'y' (run_enabled=False)
[2026-08-07 16:04:00] on_release: 'y'
[2026-08-07 16:04:00] on_release: 'f'
[2026-08-07 16:04:00] on_press: Key.enter (run_enabled=False)
[2026-08-07 16:04:00] on_release: Key.enter
[2026-08-07 16:04:13] on_click (press): Button.left (run_enabled=False)
[2026-08-07 16:04:13] on_click (release): Button.left
[2026-08-07 16:04:13] on_click (press): Button.left (run_enabled=False)
[2026-08-07 16:04:14] on_click (release): Button.left
[2026-08-07 16:04:14] on_click (press): Button.left (run_enabled=False)
[2026-08-07 16:04:14] on_click (release): Button.left
[2026-08-07 16:04:14] on_click (press): Button.left (run_enabled=False)
[2026-08-07 16:04:14] on_click (release): Button.left
[2026-08-07 16:04:15] on_click (press): Button.left (run_enabled=False)
[2026-08-07 16:04:15] on_click (release): Button.left
[2026-08-07 16:04:15] on_click (press): Button.left (run_enabled=False)
[2026-08-07 16:04:15] on_click (release): Button.left
[2026-08-07 16:04:16] on_click (press): Button.left (run_enabled=False)
[2026-08-07 16:04:16] on_click (release): Button.left
[2026-08-07 16:04:16] on_click (press): Button.left (run_enabled=False)
[2026-08-07 16:04:16] on_click (release): Button.left
[2026-08-07 16:04:16] on_click (press): Button.left (run_enabled=False)
[2026-08-07 16:04:16] on_click (release): Button.left
[2026-08-07 16:04:20] on_click (press): Button.left (run_enabled=False)
[2026-08-07 16:04:21] on_click (release): Button.left
[2026-08-07 16:04:22] on_click (press): Button.left (run_enabled=False)
[2026-08-07 16:04:22] on_click (release): Button.left
[2026-08-07 16:04:24] on_click (press): Button.left (run_enabled=False)
[2026-08-07 16:04:25] on_click (release): Button.left
[2026-08-07 16:04:26] on_click (press): Button.left (run_enabled=False)
[2026-08-07 16:04:26] on_click (release): Button.left
[2026-08-07 16:04:29] on_click (press): Button.left (run_enabled=False)
[2026-08-07 16:04:29] on_click (release): Button.left
[2026-08-07 16:04:29] on_click (press): Button.left (run_enabled=False)
[2026-08-07 16:04:30] on_click (release): Button.left
[2026-08-07 16:04:33] on_click (press): Button.left (run_enabled=False)
[2026-08-07 16:04:35] on_click (release): Button.left
[2026-08-07 16:04:36] on_click (press): Button.right (run_enabled=False)
[2026-08-07 16:04:36] on_click (release): Button.right
[2026-08-07 16:04:36] on_click (press): Button.left (run_enabled=False)
[2026-08-07 16:04:36] on_click (release): Button.left
[2026-08-07 16:04:37] on_press: Key.ctrl_l (run_enabled=False)
[2026-08-07 16:04:37] on_press: '\x16' (run_enabled=False)
[2026-08-07 16:04:37] on_release: '\x16'
[2026-08-07 16:04:37] on_release: Key.ctrl_l
[2026-08-07 16:04:37] on_press: Key.shift (run_enabled=False)
[2026-08-07 16:04:38] on_press: Key.enter (run_enabled=False)
[2026-08-07 16:04:38] on_release: Key.enter
[2026-08-07 16:04:38] on_release: Key.shift
[2026-08-07 16:04:38] on_press: 'c' (run_enabled=False)
[2026-08-07 16:04:38] on_release: 'c'
[2026-08-07 16:04:38] on_press: 'a' (run_enabled=False)
[2026-08-07 16:04:39] on_release: 'a'
[2026-08-07 16:04:39] on_press: 'i' (run_enabled=False)
[2026-08-07 16:04:39] on_press: 's' (run_enabled=False)
[2026-08-07 16:04:39] on_press: Key.shift (run_enabled=False)
[2026-08-07 16:04:39] on_press: Key.shift (run_enabled=False)
[2026-08-07 16:04:39] on_press: Key.left (run_enabled=False)
[2026-08-07 16:04:39] on_release: Key.left
[2026-08-07 16:04:39] on_release: Key.shift
[2026-08-07 16:04:39] on_release: Key.shift
[2026-08-07 16:04:39] on_press: Key.backspace (run_enabled=False)
[2026-08-07 16:04:39] on_release: Key.backspace
[2026-08-07 16:04:39] on_press: Key.backspace (run_enabled=False)
[2026-08-07 16:04:39] on_release: Key.backspace
[2026-08-07 16:04:39] on_press: 'á' (run_enabled=False)
[2026-08-07 16:04:39] on_release: 'á'
[2026-08-07 16:04:39] on_press: 'i' (run_enabled=False)
[2026-08-07 16:04:39] on_release: 'i'
[2026-08-07 16:04:39] on_release: 'i'
[2026-08-07 16:04:39] on_release: 's'
[2026-08-07 16:04:39] on_press: Key.space (run_enabled=False)
[2026-08-07 16:04:39] on_release: Key.space
[2026-08-07 16:04:39] on_press: 'c' (run_enabled=False)
[2026-08-07 16:04:39] on_release: 'c'
[2026-08-07 16:04:39] on_press: 'o' (run_enabled=False)
[2026-08-07 16:04:40] on_release: 'o'
[2026-08-07 16:04:40] on_press: 'd' (run_enabled=False)
[2026-08-07 16:04:40] on_press: 'e' (run_enabled=False)
[2026-08-07 16:04:40] on_release: 'd'
[2026-08-07 16:04:40] on_press: Key.space (run_enabled=False)
[2026-08-07 16:04:40] on_release: 'e'
[2026-08-07 16:04:40] on_release: Key.space
[2026-08-07 16:04:40] on_press: 'n' (run_enabled=False)
[2026-08-07 16:04:40] on_release: 'n'
[2026-08-07 16:04:40] on_press: 'a' (run_enabled=False)
[2026-08-07 16:04:40] on_release: 'a'
[2026-08-07 16:04:40] on_press: 'y' (run_enabled=False)
[2026-08-07 16:04:40] on_release: 'y'
[2026-08-07 16:04:40] on_press: 'f' (run_enabled=False)
[2026-08-07 16:04:40] on_press: Key.shift (run_enabled=False)
[2026-08-07 16:04:40] on_press: Key.shift (run_enabled=False)
[2026-08-07 16:04:40] on_press: Key.left (run_enabled=False)
[2026-08-07 16:04:40] on_release: Key.left
[2026-08-07 16:04:40] on_release: Key.shift
[2026-08-07 16:04:40] on_release: Key.shift
[2026-08-07 16:04:40] on_press: Key.backspace (run_enabled=False)
[2026-08-07 16:04:40] on_release: Key.backspace
[2026-08-07 16:04:40] on_press: Key.backspace (run_enabled=False)
[2026-08-07 16:04:40] on_release: Key.backspace
[2026-08-07 16:04:40] on_press: 'à' (run_enabled=False)
[2026-08-07 16:04:40] on_release: 'à'
[2026-08-07 16:04:40] on_press: 'y' (run_enabled=False)
[2026-08-07 16:04:40] on_release: 'y'
[2026-08-07 16:04:40] on_release: 'f'
[2026-08-07 16:04:40] on_press: Key.space (run_enabled=False)
[2026-08-07 16:04:41] on_release: Key.space
[2026-08-07 16:04:41] on_press: 'n' (run_enabled=False)
[2026-08-07 16:04:41] on_release: 'n'
[2026-08-07 16:04:41] on_press: 'a' (run_enabled=False)
[2026-08-07 16:04:41] on_release: 'a'
[2026-08-07 16:04:41] on_press: 'y' (run_enabled=False)
[2026-08-07 16:04:41] on_press: 'f' (run_enabled=False)
[2026-08-07 16:04:41] on_press: Key.shift (run_enabled=False)
[2026-08-07 16:04:41] on_press: Key.shift (run_enabled=False)
[2026-08-07 16:04:41] on_press: Key.left (run_enabled=False)
[2026-08-07 16:04:41] on_release: Key.left
[2026-08-07 16:04:41] on_release: Key.shift
[2026-08-07 16:04:41] on_release: Key.shift
[2026-08-07 16:04:41] on_press: Key.backspace (run_enabled=False)
[2026-08-07 16:04:41] on_release: Key.backspace
[2026-08-07 16:04:41] on_press: Key.backspace (run_enabled=False)
[2026-08-07 16:04:41] on_release: Key.backspace
[2026-08-07 16:04:41] on_press: 'à' (run_enabled=False)
[2026-08-07 16:04:41] on_release: 'à'
[2026-08-07 16:04:41] on_press: 'y' (run_enabled=False)
[2026-08-07 16:04:41] on_release: 'y'
[2026-08-07 16:04:41] on_release: 'y'
[2026-08-07 16:04:41] on_release: 'f'
[2026-08-07 16:04:41] on_press: Key.space (run_enabled=False)
[2026-08-07 16:04:41] on_release: Key.space
[2026-08-07 16:04:41] on_press: 't' (run_enabled=False)
[2026-08-07 16:04:41] on_release: 't'
[2026-08-07 16:04:41] on_press: 'o' (run_enabled=False)
[2026-08-07 16:04:42] on_release: 'o'
[2026-08-07 16:04:42] on_press: 'o' (run_enabled=False)
[2026-08-07 16:04:42] on_press: Key.shift (run_enabled=False)
[2026-08-07 16:04:42] on_press: Key.shift (run_enabled=False)
[2026-08-07 16:04:42] on_press: Key.left (run_enabled=False)
[2026-08-07 16:04:42] on_release: Key.left
[2026-08-07 16:04:42] on_release: Key.shift
[2026-08-07 16:04:42] on_release: Key.shift
[2026-08-07 16:04:42] on_press: Key.backspace (run_enabled=False)
[2026-08-07 16:04:42] on_release: Key.backspace
[2026-08-07 16:04:42] on_press: 'ô' (run_enabled=False)
[2026-08-07 16:04:42] on_release: 'ô'
[2026-08-07 16:04:42] on_press: 'i' (run_enabled=False)
[2026-08-07 16:04:42] on_release: 'o'
[2026-08-07 16:04:42] on_release: 'i'
[2026-08-07 16:04:42] on_press: Key.space (run_enabled=False)
[2026-08-07 16:04:42] on_release: Key.space
[2026-08-07 16:04:42] on_press: 'm' (run_enabled=False)
[2026-08-07 16:04:42] on_release: 'm'
[2026-08-07 16:04:42] on_press: 'u' (run_enabled=False)
[2026-08-07 16:04:42] on_release: 'u'
[2026-08-07 16:04:42] on_press: 'o' (run_enabled=False)
[2026-08-07 16:04:43] on_release: 'o'
[2026-08-07 16:04:43] on_press: 'o' (run_enabled=False)
[2026-08-07 16:04:43] on_press: Key.shift (run_enabled=False)
[2026-08-07 16:04:43] on_press: Key.shift (run_enabled=False)
[2026-08-07 16:04:43] on_press: Key.left (run_enabled=False)
[2026-08-07 16:04:43] on_release: Key.left
[2026-08-07 16:04:43] on_release: Key.shift
[2026-08-07 16:04:43] on_release: Key.shift
[2026-08-07 16:04:43] on_press: Key.backspace (run_enabled=False)
[2026-08-07 16:04:43] on_release: Key.backspace
[2026-08-07 16:04:43] on_press: 'ô' (run_enabled=False)
[2026-08-07 16:04:43] on_release: 'ô'
[2026-08-07 16:04:43] on_release: 'o'
[2026-08-07 16:04:43] on_press: 'n' (run_enabled=False)
[2026-08-07 16:04:43] on_release: 'n'
[2026-08-07 16:04:43] on_press: 's' (run_enabled=False)
[2026-08-07 16:04:43] on_press: Key.shift (run_enabled=False)
[2026-08-07 16:04:43] on_press: Key.shift (run_enabled=False)
[2026-08-07 16:04:43] on_press: Key.left (run_enabled=False)
[2026-08-07 16:04:43] on_release: Key.left
[2026-08-07 16:04:43] on_release: Key.shift
[2026-08-07 16:04:43] on_release: Key.shift
[2026-08-07 16:04:43] on_press: Key.backspace (run_enabled=False)
[2026-08-07 16:04:43] on_release: Key.backspace
[2026-08-07 16:04:43] on_press: Key.backspace (run_enabled=False)
[2026-08-07 16:04:43] on_release: Key.backspace
[2026-08-07 16:04:43] on_press: 'ố' (run_enabled=False)
[2026-08-07 16:04:43] on_release: 'ố'
[2026-08-07 16:04:43] on_press: 'n' (run_enabled=False)
[2026-08-07 16:04:43] on_release: 'n'
[2026-08-07 16:04:43] on_release: 's'
[2026-08-07 16:04:43] on_press: Key.space (run_enabled=False)
[2026-08-07 16:04:43] on_release: Key.space
[2026-08-07 16:04:43] on_press: 's' (run_enabled=False)
[2026-08-07 16:04:43] on_press: 'u' (run_enabled=False)
[2026-08-07 16:04:43] on_release: 's'
[2026-08-07 16:04:43] on_release: 'u'
[2026-08-07 16:04:43] on_press: 'a' (run_enabled=False)
[2026-08-07 16:04:43] on_press: 'w' (run_enabled=False)
[2026-08-07 16:04:43] on_press: Key.shift (run_enabled=False)
[2026-08-07 16:04:43] on_press: Key.shift (run_enabled=False)
[2026-08-07 16:04:43] on_press: Key.left (run_enabled=False)
[2026-08-07 16:04:43] on_release: Key.left
[2026-08-07 16:04:43] on_release: Key.shift
[2026-08-07 16:04:43] on_release: Key.shift
[2026-08-07 16:04:43] on_press: Key.backspace (run_enabled=False)
[2026-08-07 16:04:43] on_release: Key.backspace
[2026-08-07 16:04:43] on_press: Key.backspace (run_enabled=False)
[2026-08-07 16:04:43] on_release: Key.backspace
[2026-08-07 16:04:43] on_press: 'ư' (run_enabled=False)
[2026-08-07 16:04:43] on_release: 'ư'
[2026-08-07 16:04:43] on_press: 'a' (run_enabled=False)
[2026-08-07 16:04:43] on_release: 'a'
[2026-08-07 16:04:43] on_release: 'a'
[2026-08-07 16:04:44] on_press: 'r' (run_enabled=False)
[2026-08-07 16:04:44] on_press: Key.shift (run_enabled=False)
[2026-08-07 16:04:44] on_press: Key.shift (run_enabled=False)
[2026-08-07 16:04:44] on_press: Key.left (run_enabled=False)
[2026-08-07 16:04:44] on_release: Key.left
[2026-08-07 16:04:44] on_release: Key.shift
[2026-08-07 16:04:44] on_release: Key.shift
[2026-08-07 16:04:44] on_press: Key.backspace (run_enabled=False)
[2026-08-07 16:04:44] on_release: Key.backspace
[2026-08-07 16:04:44] on_press: Key.backspace (run_enabled=False)
[2026-08-07 16:04:44] on_release: Key.backspace
[2026-08-07 16:04:44] on_press: 'ử' (run_enabled=False)
[2026-08-07 16:04:44] on_release: 'ử'
[2026-08-07 16:04:44] on_press: 'a' (run_enabled=False)
[2026-08-07 16:04:44] on_release: 'a'
[2026-08-07 16:04:44] on_release: 'w'
[2026-08-07 16:04:44] on_release: 'r'
[2026-08-07 16:04:44] on_press: Key.space (run_enabled=False)
[2026-08-07 16:04:44] on_release: Key.space
[2026-08-07 16:04:44] on_press: 'n' (run_enabled=False)
[2026-08-07 16:04:44] on_release: 'n'
[2026-08-07 16:04:44] on_press: 'o' (run_enabled=False)
[2026-08-07 16:04:44] on_press: 's' (run_enabled=False)
[2026-08-07 16:04:44] on_press: Key.shift (run_enabled=False)
[2026-08-07 16:04:44] on_press: Key.shift (run_enabled=False)
[2026-08-07 16:04:44] on_press: Key.left (run_enabled=False)
[2026-08-07 16:04:44] on_release: Key.left
[2026-08-07 16:04:44] on_release: Key.shift
[2026-08-07 16:04:44] on_release: Key.shift
[2026-08-07 16:04:44] on_press: Key.backspace (run_enabled=False)
[2026-08-07 16:04:44] on_release: Key.backspace
[2026-08-07 16:04:44] on_press: 'ó' (run_enabled=False)
[2026-08-07 16:04:44] on_release: 'ó'
[2026-08-07 16:04:44] on_release: 'o'
[2026-08-07 16:04:44] on_release: 's'
[2026-08-07 16:04:44] on_press: Key.space (run_enabled=False)
[2026-08-07 16:04:45] on_release: Key.space
[2026-08-07 16:04:45] on_press: 't' (run_enabled=False)
[2026-08-07 16:04:45] on_release: 't'
[2026-08-07 16:04:45] on_press: 'h' (run_enabled=False)
[2026-08-07 16:04:45] on_release: 'h'
[2026-08-07 16:04:45] on_press: 'a' (run_enabled=False)
[2026-08-07 16:04:45] on_release: 'a'
[2026-08-07 16:04:45] on_press: 'n' (run_enabled=False)
[2026-08-07 16:04:45] on_release: 'n'
[2026-08-07 16:04:45] on_press: 'h' (run_enabled=False)
[2026-08-07 16:04:45] on_release: 'h'
[2026-08-07 16:04:45] on_press: 'f' (run_enabled=False)
[2026-08-07 16:04:45] on_press: Key.shift (run_enabled=False)
[2026-08-07 16:04:45] on_press: Key.shift (run_enabled=False)
[2026-08-07 16:04:45] on_press: Key.left (run_enabled=False)
[2026-08-07 16:04:45] on_release: Key.left
[2026-08-07 16:04:45] on_release: Key.shift
[2026-08-07 16:04:45] on_release: Key.shift
[2026-08-07 16:04:45] on_press: Key.backspace (run_enabled=False)
[2026-08-07 16:04:45] on_release: Key.backspace
[2026-08-07 16:04:45] on_press: Key.backspace (run_enabled=False)
[2026-08-07 16:04:45] on_release: Key.backspace
[2026-08-07 16:04:45] on_press: Key.backspace (run_enabled=False)
[2026-08-07 16:04:45] on_release: Key.backspace
[2026-08-07 16:04:45] on_press: 'à' (run_enabled=False)
[2026-08-07 16:04:45] on_release: 'à'
[2026-08-07 16:04:45] on_press: 'n' (run_enabled=False)
[2026-08-07 16:04:45] on_release: 'n'
[2026-08-07 16:04:45] on_press: 'h' (run_enabled=False)
[2026-08-07 16:04:45] on_release: 'h'
[2026-08-07 16:04:45] on_release: 'f'
[2026-08-07 16:04:46] on_press: Key.space (run_enabled=False)
[2026-08-07 16:04:46] on_release: Key.space
[2026-08-07 16:04:51] on_click (press): Button.left (run_enabled=False)
[2026-08-07 16:04:53] on_click (release): Button.left
[2026-08-07 16:04:53] on_press: Key.ctrl_l (run_enabled=False)
[2026-08-07 16:04:53] on_press: '\x03' (run_enabled=False)
[2026-08-07 16:04:53] on_release: '\x03'
[2026-08-07 16:04:53] on_release: Key.ctrl_l
[2026-08-07 16:04:53] on_click (press): Button.left (run_enabled=False)
[2026-08-07 16:04:53] on_click (release): Button.left
[2026-08-07 16:04:54] on_press: Key.ctrl_l (run_enabled=False)
[2026-08-07 16:04:54] on_press: '\x16' (run_enabled=False)
[2026-08-07 16:04:54] on_release: '\x16'
[2026-08-07 16:04:54] on_press: '\x16' (run_enabled=False)
[2026-08-07 16:04:54] on_release: '\x16'
[2026-08-07 16:04:54] on_release: Key.ctrl_l
[2026-08-07 16:04:55] on_press: Key.ctrl_l (run_enabled=False)
[2026-08-07 16:04:55] on_press: '\x1a' (run_enabled=False)
[2026-08-07 16:04:55] on_release: '\x1a'
[2026-08-07 16:04:55] on_release: Key.ctrl_l
[2026-08-07 16:04:57] on_press: Key.ctrl_l (run_enabled=False)
[2026-08-07 16:04:58] on_press: '\x16' (run_enabled=False)
[2026-08-07 16:04:58] on_release: '\x16'
[2026-08-07 16:04:58] on_release: Key.ctrl_l
[2026-08-07 16:04:59] on_click (press): Button.left (run_enabled=False)
[2026-08-07 16:05:01] on_press: Key.ctrl_l (run_enabled=False)
[2026-08-07 16:05:01] on_click (release): Button.left
[2026-08-07 16:05:01] on_press: '\x03' (run_enabled=False)
[2026-08-07 16:05:01] on_release: '\x03'
[2026-08-07 16:05:01] on_release: Key.ctrl_l
[2026-08-07 16:05:02] on_click (press): Button.left (run_enabled=False)
[2026-08-07 16:05:02] on_click (release): Button.left
[2026-08-07 16:05:03] on_press: Key.backspace (run_enabled=False)
[2026-08-07 16:05:04] on_release: Key.backspace
[2026-08-07 16:05:04] on_press: Key.ctrl_l (run_enabled=False)
[2026-08-07 16:05:04] on_press: '\x16' (run_enabled=False)
[2026-08-07 16:05:05] on_release: '\x16'
[2026-08-07 16:05:05] on_release: Key.ctrl_l
[2026-08-07 16:05:07] on_press: 'n' (run_enabled=False)
[2026-08-07 16:05:07] on_release: 'n'
[2026-08-07 16:05:07] on_press: 'g' (run_enabled=False)
[2026-08-07 16:05:08] on_release: 'g'
[2026-08-07 16:05:08] on_press: 'a' (run_enabled=False)
[2026-08-07 16:05:08] on_release: 'a'
[2026-08-07 16:05:08] on_press: 'y' (run_enabled=False)
[2026-08-07 16:05:08] on_release: 'y'
[2026-08-07 16:05:08] on_press: 'f' (run_enabled=False)
[2026-08-07 16:05:08] on_press: Key.shift (run_enabled=False)
[2026-08-07 16:05:08] on_press: Key.shift (run_enabled=False)
[2026-08-07 16:05:08] on_press: Key.left (run_enabled=False)
[2026-08-07 16:05:08] on_release: Key.left
[2026-08-07 16:05:08] on_release: Key.shift
[2026-08-07 16:05:08] on_release: Key.shift
[2026-08-07 16:05:08] on_press: Key.backspace (run_enabled=False)
[2026-08-07 16:05:08] on_release: Key.backspace
[2026-08-07 16:05:08] on_press: Key.backspace (run_enabled=False)
[2026-08-07 16:05:08] on_release: Key.backspace
[2026-08-07 16:05:08] on_press: 'à' (run_enabled=False)
[2026-08-07 16:05:08] on_release: 'à'
[2026-08-07 16:05:08] on_press: 'y' (run_enabled=False)
[2026-08-07 16:05:08] on_release: 'y'
[2026-08-07 16:05:08] on_release: 'f'
[2026-08-07 16:05:08] on_press: Key.space (run_enabled=False)
[2026-08-07 16:05:08] on_release: Key.space
[2026-08-07 16:05:08] on_press: Key.backspace (run_enabled=False)
[2026-08-07 16:05:08] on_release: Key.backspace
[2026-08-07 16:05:09] on_press: Key.backspace (run_enabled=False)
[2026-08-07 16:05:09] on_release: Key.backspace
[2026-08-07 16:05:09] on_press: Key.backspace (run_enabled=False)
[2026-08-07 16:05:09] on_release: Key.backspace
[2026-08-07 16:05:09] on_press: Key.backspace (run_enabled=False)
[2026-08-07 16:05:09] on_release: Key.backspace
[2026-08-07 16:05:09] on_press: Key.backspace (run_enabled=False)
[2026-08-07 16:05:09] on_release: Key.backspace
[2026-08-07 16:05:11] on_press: 'b' (run_enabled=False)
[2026-08-07 16:05:11] on_release: 'b'
[2026-08-07 16:05:11] on_press: 'o' (run_enabled=False)
[2026-08-07 16:05:12] on_press: 'i' (run_enabled=False)
[2026-08-07 16:05:12] on_release: 'o'
[2026-08-07 16:05:12] on_press: 'w' (run_enabled=False)
[2026-08-07 16:05:12] on_press: Key.shift (run_enabled=False)
[2026-08-07 16:05:12] on_press: Key.shift (run_enabled=False)
[2026-08-07 16:05:12] on_press: Key.left (run_enabled=False)
[2026-08-07 16:05:12] on_release: Key.left
[2026-08-07 16:05:12] on_release: Key.shift
[2026-08-07 16:05:12] on_release: Key.shift
[2026-08-07 16:05:12] on_press: Key.backspace (run_enabled=False)
[2026-08-07 16:05:12] on_release: Key.backspace
[2026-08-07 16:05:12] on_press: Key.backspace (run_enabled=False)
[2026-08-07 16:05:12] on_release: Key.backspace
[2026-08-07 16:05:12] on_press: 'ơ' (run_enabled=False)
[2026-08-07 16:05:12] on_release: 'ơ'
[2026-08-07 16:05:12] on_press: 'i' (run_enabled=False)
[2026-08-07 16:05:12] on_release: 'i'
[2026-08-07 16:05:12] on_release: 'i'
[2026-08-07 16:05:12] on_press: 'r' (run_enabled=False)
[2026-08-07 16:05:12] on_press: Key.shift (run_enabled=False)
[2026-08-07 16:05:12] on_press: Key.shift (run_enabled=False)
[2026-08-07 16:05:12] on_press: Key.left (run_enabled=False)
[2026-08-07 16:05:12] on_release: Key.left
[2026-08-07 16:05:12] on_release: Key.shift
[2026-08-07 16:05:12] on_release: Key.shift
[2026-08-07 16:05:12] on_press: Key.backspace (run_enabled=False)
[2026-08-07 16:05:12] on_release: Key.backspace
[2026-08-07 16:05:12] on_press: Key.backspace (run_enabled=False)
[2026-08-07 16:05:12] on_release: Key.backspace
[2026-08-07 16:05:12] on_press: 'ở' (run_enabled=False)
[2026-08-07 16:05:12] on_release: 'ở'
[2026-08-07 16:05:12] on_press: 'i' (run_enabled=False)
[2026-08-07 16:05:12] on_release: 'i'
[2026-08-07 16:05:12] on_release: 'w'
[2026-08-07 16:05:12] on_release: 'r'
[2026-08-07 16:05:12] on_press: Key.space (run_enabled=False)
[2026-08-07 16:05:12] on_release: Key.space
[2026-08-07 16:05:13] on_press: 't' (run_enabled=False)
[2026-08-07 16:05:13] on_press: 'r' (run_enabled=False)
[2026-08-07 16:05:13] on_release: 't'
[2026-08-07 16:05:13] on_release: 'r'
[2026-08-07 16:05:13] on_press: 'e' (run_enabled=False)
[2026-08-07 16:05:13] on_release: 'e'
[2026-08-07 16:05:13] on_press: 'e' (run_enabled=False)
[2026-08-07 16:05:13] on_press: Key.shift (run_enabled=False)
[2026-08-07 16:05:13] on_press: Key.shift (run_enabled=False)
[2026-08-07 16:05:13] on_press: Key.left (run_enabled=False)
[2026-08-07 16:05:13] on_release: Key.left
[2026-08-07 16:05:13] on_release: Key.shift
[2026-08-07 16:05:13] on_release: Key.shift
[2026-08-07 16:05:13] on_press: Key.backspace (run_enabled=False)
[2026-08-07 16:05:13] on_release: Key.backspace
[2026-08-07 16:05:13] on_press: 'ê' (run_enabled=False)
[2026-08-07 16:05:13] on_release: 'ê'
[2026-08-07 16:05:13] on_press: 'n' (run_enabled=False)
[2026-08-07 16:05:13] on_release: 'e'
[2026-08-07 16:05:13] on_release: 'n'
[2026-08-07 16:05:13] on_press: Key.space (run_enabled=False)
[2026-08-07 16:05:13] on_release: Key.space
[2026-08-07 16:05:14] on_press: 'c' (run_enabled=False)
[2026-08-07 16:05:14] on_release: 'c'
[2026-08-07 16:05:14] on_press: 'd' (run_enabled=False)
[2026-08-07 16:05:14] on_release: 'd'
[2026-08-07 16:05:14] on_press: Key.backspace (run_enabled=False)
[2026-08-07 16:05:14] on_release: Key.backspace
[2026-08-07 16:05:15] on_press: 'm' (run_enabled=False)
[2026-08-07 16:05:15] on_release: 'm'
[2026-08-07 16:05:15] on_press: 'd' (run_enabled=False)
[2026-08-07 16:05:15] on_release: 'd'
[2026-08-07 16:05:15] on_press: Key.space (run_enabled=False)
[2026-08-07 16:05:15] on_release: Key.space
[2026-08-07 16:05:15] on_press: 'n' (run_enabled=False)
[2026-08-07 16:05:15] on_release: 'n'
[2026-08-07 16:05:16] on_press: 'e' (run_enabled=False)
[2026-08-07 16:05:16] on_release: 'e'
[2026-08-07 16:05:16] on_press: 'u' (run_enabled=False)
[2026-08-07 16:05:16] on_press: 'e' (run_enabled=False)
[2026-08-07 16:05:16] on_press: Key.shift (run_enabled=False)
[2026-08-07 16:05:16] on_press: Key.shift (run_enabled=False)
[2026-08-07 16:05:16] on_press: Key.left (run_enabled=False)
[2026-08-07 16:05:16] on_release: Key.left
[2026-08-07 16:05:16] on_release: Key.shift
[2026-08-07 16:05:16] on_release: Key.shift
[2026-08-07 16:05:16] on_press: Key.backspace (run_enabled=False)
[2026-08-07 16:05:16] on_release: Key.backspace
[2026-08-07 16:05:16] on_press: Key.backspace (run_enabled=False)
[2026-08-07 16:05:16] on_release: Key.backspace
[2026-08-07 16:05:16] on_press: 'ê' (run_enabled=False)
[2026-08-07 16:05:16] on_release: 'ê'
[2026-08-07 16:05:16] on_press: 'u' (run_enabled=False)
[2026-08-07 16:05:16] on_release: 'u'
[2026-08-07 16:05:16] on_release: 'u'
[2026-08-07 16:05:16] on_release: 'e'
[2026-08-07 16:05:16] on_press: 's' (run_enabled=False)
[2026-08-07 16:05:16] on_press: Key.shift (run_enabled=False)
[2026-08-07 16:05:16] on_press: Key.shift (run_enabled=False)
[2026-08-07 16:05:16] on_press: Key.left (run_enabled=False)
[2026-08-07 16:05:16] on_release: Key.left
[2026-08-07 16:05:16] on_release: Key.shift
[2026-08-07 16:05:16] on_release: Key.shift
[2026-08-07 16:05:16] on_press: Key.backspace (run_enabled=False)
[2026-08-07 16:05:16] on_release: Key.backspace
[2026-08-07 16:05:16] on_press: Key.backspace (run_enabled=False)
[2026-08-07 16:05:16] on_release: Key.backspace
[2026-08-07 16:05:16] on_press: 'ế' (run_enabled=False)
[2026-08-07 16:05:16] on_release: 'ế'
[2026-08-07 16:05:16] on_press: 'u' (run_enabled=False)
[2026-08-07 16:05:16] on_release: 'u'
[2026-08-07 16:05:16] on_release: 's'
[2026-08-07 16:05:16] on_press: Key.space (run_enabled=False)
[2026-08-07 16:05:16] on_release: Key.space
[2026-08-07 16:05:17] on_press: 'g' (run_enabled=False)
[2026-08-07 16:05:17] on_release: 'g'
[2026-08-07 16:05:17] on_press: 'h' (run_enabled=False)
[2026-08-07 16:05:17] on_release: 'h'
[2026-08-07 16:05:17] on_press: 'i' (run_enabled=False)
[2026-08-07 16:05:17] on_release: 'i'
[2026-08-07 16:05:17] on_press: Key.space (run_enabled=False)
[2026-08-07 16:05:17] on_release: Key.space
[2026-08-07 16:05:17] on_press: 'n' (run_enabled=False)
[2026-08-07 16:05:17] on_release: 'n'
[2026-08-07 16:05:17] on_press: 'h' (run_enabled=False)
[2026-08-07 16:05:18] on_press: 'u' (run_enabled=False)
[2026-08-07 16:05:18] on_release: 'h'
[2026-08-07 16:05:18] on_release: 'u'
[2026-08-07 16:05:18] on_press: 'w' (run_enabled=False)
[2026-08-07 16:05:18] on_press: Key.shift (run_enabled=False)
[2026-08-07 16:05:18] on_press: Key.shift (run_enabled=False)
[2026-08-07 16:05:18] on_press: Key.left (run_enabled=False)
[2026-08-07 16:05:18] on_release: Key.left
[2026-08-07 16:05:18] on_release: Key.shift
[2026-08-07 16:05:18] on_release: Key.shift
[2026-08-07 16:05:18] on_press: Key.backspace (run_enabled=False)
[2026-08-07 16:05:18] on_release: Key.backspace
[2026-08-07 16:05:18] on_press: 'ư' (run_enabled=False)
[2026-08-07 16:05:18] on_release: 'ư'
[2026-08-07 16:05:18] on_release: 'w'
[2026-08-07 16:05:18] on_press: Key.space (run_enabled=False)
[2026-08-07 16:05:18] on_release: Key.space
[2026-08-07 16:05:18] on_press: 'n' (run_enabled=False)
[2026-08-07 16:05:18] on_release: 'n'
[2026-08-07 16:05:18] on_press: 'a' (run_enabled=False)
[2026-08-07 16:05:18] on_release: 'a'
[2026-08-07 16:05:18] on_press: 'y' (run_enabled=False)
[2026-08-07 16:05:18] on_release: 'y'
[2026-08-07 16:05:18] on_press: 'f' (run_enabled=False)
[2026-08-07 16:05:18] on_press: Key.shift (run_enabled=False)
[2026-08-07 16:05:18] on_press: Key.shift (run_enabled=False)
[2026-08-07 16:05:18] on_press: Key.left (run_enabled=False)
[2026-08-07 16:05:18] on_release: Key.left
[2026-08-07 16:05:18] on_release: Key.shift
[2026-08-07 16:05:18] on_release: Key.shift
[2026-08-07 16:05:18] on_press: Key.backspace (run_enabled=False)
[2026-08-07 16:05:18] on_release: Key.backspace
[2026-08-07 16:05:18] on_press: Key.backspace (run_enabled=False)
[2026-08-07 16:05:18] on_release: Key.backspace
[2026-08-07 16:05:18] on_press: 'à' (run_enabled=False)
[2026-08-07 16:05:18] on_release: 'à'
[2026-08-07 16:05:18] on_press: 'y' (run_enabled=False)
[2026-08-07 16:05:18] on_release: 'y'
[2026-08-07 16:05:18] on_release: 'f'
[2026-08-07 16:05:18] on_press: Key.space (run_enabled=False)
[2026-08-07 16:05:18] on_release: Key.space
[2026-08-07 16:05:18] on_press: 't' (run_enabled=False)
[2026-08-07 16:05:19] on_release: 't'
[2026-08-07 16:05:19] on_press: 'h' (run_enabled=False)
[2026-08-07 16:05:19] on_release: 'h'
[2026-08-07 16:05:19] on_press: 'i' (run_enabled=False)
[2026-08-07 16:05:19] on_release: 'i'
[2026-08-07 16:05:19] on_press: 'f' (run_enabled=False)
[2026-08-07 16:05:19] on_press: Key.shift (run_enabled=False)
[2026-08-07 16:05:19] on_press: Key.shift (run_enabled=False)
[2026-08-07 16:05:19] on_press: Key.left (run_enabled=False)
[2026-08-07 16:05:19] on_release: Key.left
[2026-08-07 16:05:19] on_release: Key.shift
[2026-08-07 16:05:19] on_release: Key.shift
[2026-08-07 16:05:19] on_press: Key.backspace (run_enabled=False)
[2026-08-07 16:05:19] on_release: Key.backspace
[2026-08-07 16:05:19] on_press: 'ì' (run_enabled=False)
[2026-08-07 16:05:19] on_release: 'ì'
[2026-08-07 16:05:19] on_release: 'f'
[2026-08-07 16:05:19] on_press: Key.space (run_enabled=False)
[2026-08-07 16:05:19] on_release: Key.space
[2026-08-07 16:05:19] on_press: 'n' (run_enabled=False)
[2026-08-07 16:05:19] on_release: 'n'
[2026-08-07 16:05:19] on_press: 'o' (run_enabled=False)
[2026-08-07 16:05:19] on_release: 'o'
[2026-08-07 16:05:19] on_press: 's' (run_enabled=False)
[2026-08-07 16:05:19] on_press: Key.shift (run_enabled=False)
[2026-08-07 16:05:19] on_press: Key.shift (run_enabled=False)
[2026-08-07 16:05:19] on_press: Key.left (run_enabled=False)
[2026-08-07 16:05:19] on_release: Key.left
[2026-08-07 16:05:19] on_release: Key.shift
[2026-08-07 16:05:19] on_release: Key.shift
[2026-08-07 16:05:19] on_press: Key.backspace (run_enabled=False)
[2026-08-07 16:05:19] on_release: Key.backspace
[2026-08-07 16:05:19] on_press: 'ó' (run_enabled=False)
[2026-08-07 16:05:19] on_release: 'ó'
[2026-08-07 16:05:19] on_release: 's'
[2026-08-07 16:05:19] on_press: Key.space (run_enabled=False)
[2026-08-07 16:05:19] on_release: Key.space
[2026-08-07 16:05:20] on_press: 'm' (run_enabled=False)
[2026-08-07 16:05:20] on_release: 'm'
[2026-08-07 16:05:20] on_press: 'o' (run_enabled=False)
[2026-08-07 16:05:20] on_press: 'i' (run_enabled=False)
[2026-08-07 16:05:20] on_release: 'o'
[2026-08-07 16:05:20] on_press: 'w' (run_enabled=False)
[2026-08-07 16:05:20] on_press: Key.shift (run_enabled=False)
[2026-08-07 16:05:20] on_press: Key.shift (run_enabled=False)
[2026-08-07 16:05:20] on_press: Key.left (run_enabled=False)
[2026-08-07 16:05:20] on_release: Key.left
[2026-08-07 16:05:20] on_release: Key.shift
[2026-08-07 16:05:20] on_release: Key.shift
[2026-08-07 16:05:20] on_press: Key.backspace (run_enabled=False)
[2026-08-07 16:05:20] on_release: Key.backspace
[2026-08-07 16:05:20] on_press: Key.backspace (run_enabled=False)
[2026-08-07 16:05:20] on_release: Key.backspace
[2026-08-07 16:05:20] on_press: 'ơ' (run_enabled=False)
[2026-08-07 16:05:20] on_release: 'ơ'
[2026-08-07 16:05:20] on_press: 'i' (run_enabled=False)
[2026-08-07 16:05:20] on_release: 'i'
[2026-08-07 16:05:20] on_release: 'i'
[2026-08-07 16:05:20] on_release: 'w'
[2026-08-07 16:05:20] on_press: 's' (run_enabled=False)
[2026-08-07 16:05:20] on_press: Key.shift (run_enabled=False)
[2026-08-07 16:05:20] on_press: Key.shift (run_enabled=False)
[2026-08-07 16:05:20] on_press: Key.left (run_enabled=False)
[2026-08-07 16:05:20] on_release: Key.left
[2026-08-07 16:05:20] on_release: Key.shift
[2026-08-07 16:05:20] on_release: Key.shift
[2026-08-07 16:05:20] on_press: Key.backspace (run_enabled=False)
[2026-08-07 16:05:20] on_release: Key.backspace
[2026-08-07 16:05:20] on_press: Key.backspace (run_enabled=False)
[2026-08-07 16:05:20] on_release: Key.backspace
[2026-08-07 16:05:20] on_press: 'ớ' (run_enabled=False)
[2026-08-07 16:05:20] on_release: 'ớ'
[2026-08-07 16:05:20] on_press: 'i' (run_enabled=False)
[2026-08-07 16:05:20] on_release: 'i'
[2026-08-07 16:05:20] on_press: Key.space (run_enabled=False)
[2026-08-07 16:05:20] on_release: 's'
[2026-08-07 16:05:20] on_release: Key.space
[2026-08-07 16:05:20] on_press: 'c' (run_enabled=False)
[2026-08-07 16:05:20] on_release: 'c'
[2026-08-07 16:05:20] on_press: 'h' (run_enabled=False)
[2026-08-07 16:05:20] on_release: 'h'
[2026-08-07 16:05:20] on_press: 'a' (run_enabled=False)
[2026-08-07 16:05:20] on_press: 'y' (run_enabled=False)
[2026-08-07 16:05:20] on_release: 'a'
[2026-08-07 16:05:21] on_release: 'y'
[2026-08-07 16:05:21] on_press: 'j' (run_enabled=False)
[2026-08-07 16:05:21] on_press: Key.shift (run_enabled=False)
[2026-08-07 16:05:21] on_press: Key.shift (run_enabled=False)
[2026-08-07 16:05:21] on_press: Key.left (run_enabled=False)
[2026-08-07 16:05:21] on_release: Key.left
[2026-08-07 16:05:21] on_release: Key.shift
[2026-08-07 16:05:21] on_release: Key.shift
[2026-08-07 16:05:21] on_press: Key.backspace (run_enabled=False)
[2026-08-07 16:05:21] on_release: Key.backspace
[2026-08-07 16:05:21] on_press: Key.backspace (run_enabled=False)
[2026-08-07 16:05:21] on_release: Key.backspace
[2026-08-07 16:05:21] on_press: 'ạ' (run_enabled=False)
[2026-08-07 16:05:21] on_release: 'ạ'
[2026-08-07 16:05:21] on_press: 'y' (run_enabled=False)
[2026-08-07 16:05:21] on_release: 'y'
[2026-08-07 16:05:21] on_release: 'j'
[2026-08-07 16:05:21] on_press: Key.space (run_enabled=False)
[2026-08-07 16:05:21] on_release: Key.space
[2026-08-07 16:05:21] on_press: 'b' (run_enabled=False)
[2026-08-07 16:05:21] on_release: 'b'
[2026-08-07 16:05:21] on_press: 'i' (run_enabled=False)
[2026-08-07 16:05:21] on_release: 'i'
[2026-08-07 16:05:21] on_press: 'n' (run_enabled=False)
[2026-08-07 16:05:21] on_release: 'n'
[2026-08-07 16:05:21] on_press: 'h' (run_enabled=False)
[2026-08-07 16:05:22] on_release: 'h'
[2026-08-07 16:05:22] on_press: 'f' (run_enabled=False)
[2026-08-07 16:05:22] on_press: Key.shift (run_enabled=False)
[2026-08-07 16:05:22] on_press: Key.shift (run_enabled=False)
[2026-08-07 16:05:22] on_press: Key.left (run_enabled=False)
[2026-08-07 16:05:22] on_release: Key.left
[2026-08-07 16:05:22] on_release: Key.shift
[2026-08-07 16:05:22] on_release: Key.shift
[2026-08-07 16:05:22] on_press: Key.backspace (run_enabled=False)
[2026-08-07 16:05:22] on_release: Key.backspace
[2026-08-07 16:05:22] on_press: Key.backspace (run_enabled=False)
[2026-08-07 16:05:22] on_release: Key.backspace
[2026-08-07 16:05:22] on_press: Key.backspace (run_enabled=False)
[2026-08-07 16:05:22] on_release: Key.backspace
[2026-08-07 16:05:22] on_press: 'ì' (run_enabled=False)
[2026-08-07 16:05:22] on_release: 'ì'
[2026-08-07 16:05:22] on_press: 'n' (run_enabled=False)
[2026-08-07 16:05:22] on_release: 'n'
[2026-08-07 16:05:22] on_press: 'h' (run_enabled=False)
[2026-08-07 16:05:22] on_release: 'h'
[2026-08-07 16:05:22] on_release: 'f'
[2026-08-07 16:05:22] on_press: Key.space (run_enabled=False)
[2026-08-07 16:05:22] on_release: Key.space
[2026-08-07 16:05:22] on_press: 't' (run_enabled=False)
[2026-08-07 16:05:22] on_press: 'h' (run_enabled=False)
[2026-08-07 16:05:22] on_release: 't'
[2026-08-07 16:05:22] on_release: 'h'
[2026-08-07 16:05:22] on_press: 'u' (run_enabled=False)
[2026-08-07 16:05:22] on_release: 'u'
[2026-08-07 16:05:22] on_press: 'o' (run_enabled=False)
[2026-08-07 16:05:23] on_release: 'o'
[2026-08-07 16:05:23] on_press: 'n' (run_enabled=False)
[2026-08-07 16:05:23] on_press: 'g' (run_enabled=False)
[2026-08-07 16:05:23] on_release: 'n'
[2026-08-07 16:05:23] on_press: 'w' (run_enabled=False)
[2026-08-07 16:05:23] on_press: Key.shift (run_enabled=False)
[2026-08-07 16:05:23] on_press: Key.shift (run_enabled=False)
[2026-08-07 16:05:23] on_press: Key.left (run_enabled=False)
[2026-08-07 16:05:23] on_release: Key.left
[2026-08-07 16:05:23] on_release: Key.shift
[2026-08-07 16:05:23] on_release: Key.shift
[2026-08-07 16:05:23] on_press: Key.backspace (run_enabled=False)
[2026-08-07 16:05:23] on_release: Key.backspace
[2026-08-07 16:05:23] on_press: Key.backspace (run_enabled=False)
[2026-08-07 16:05:23] on_release: Key.backspace
[2026-08-07 16:05:23] on_press: Key.backspace (run_enabled=False)
[2026-08-07 16:05:23] on_release: Key.backspace
[2026-08-07 16:05:23] on_press: Key.backspace (run_enabled=False)
[2026-08-07 16:05:23] on_release: Key.backspace
[2026-08-07 16:05:23] on_press: 'ư' (run_enabled=False)
[2026-08-07 16:05:23] on_release: 'ư'
[2026-08-07 16:05:23] on_press: 'ơ' (run_enabled=False)
[2026-08-07 16:05:23] on_release: 'ơ'
[2026-08-07 16:05:23] on_press: 'n' (run_enabled=False)
[2026-08-07 16:05:23] on_release: 'n'
[2026-08-07 16:05:23] on_press: 'g' (run_enabled=False)
[2026-08-07 16:05:23] on_release: 'g'
[2026-08-07 16:05:23] on_release: 'g'
[2026-08-07 16:05:23] on_release: 'w'
[2026-08-07 16:05:23] on_press: 'f' (run_enabled=False)
[2026-08-07 16:05:23] on_press: Key.shift (run_enabled=False)
[2026-08-07 16:05:23] on_press: Key.shift (run_enabled=False)
[2026-08-07 16:05:23] on_press: Key.left (run_enabled=False)
[2026-08-07 16:05:23] on_release: Key.left
[2026-08-07 16:05:23] on_release: Key.shift
[2026-08-07 16:05:23] on_release: Key.shift
[2026-08-07 16:05:23] on_press: Key.backspace (run_enabled=False)
[2026-08-07 16:05:23] on_release: Key.backspace
[2026-08-07 16:05:23] on_press: Key.backspace (run_enabled=False)
[2026-08-07 16:05:23] on_release: Key.backspace
[2026-08-07 16:05:23] on_press: Key.backspace (run_enabled=False)
[2026-08-07 16:05:23] on_release: Key.backspace
[2026-08-07 16:05:23] on_press: 'ờ' (run_enabled=False)
[2026-08-07 16:05:23] on_release: 'ờ'
[2026-08-07 16:05:23] on_press: 'n' (run_enabled=False)
[2026-08-07 16:05:23] on_release: 'n'
[2026-08-07 16:05:23] on_press: 'g' (run_enabled=False)
[2026-08-07 16:05:23] on_release: 'g'
[2026-08-07 16:05:23] on_release: 'f'
[2026-08-07 16:05:23] on_press: Key.space (run_enabled=False)
[2026-08-07 16:05:24] on_release: Key.space
[2026-08-07 16:05:25] on_press: Key.enter (run_enabled=False)
[2026-08-07 16:05:25] on_release: Key.enter
[2026-08-07 16:05:33] on_click (press): Button.left (run_enabled=False)
[2026-08-07 16:05:33] on_click (release): Button.left
[2026-08-07 16:05:36] on_click (press): Button.left (run_enabled=False)
[2026-08-07 16:05:36] on_click (release): Button.left
[2026-08-07 16:05:37] on_click (press): Button.right (run_enabled=False)
[2026-08-07 16:05:37] on_click (release): Button.right
[2026-08-07 16:05:38] on_press: Key.enter (run_enabled=False)
[2026-08-07 16:05:38] on_release: Key.enter
[2026-08-07 16:05:40] on_click (press): Button.left (run_enabled=False)
[2026-08-07 16:05:40] on_click (release): Button.left
[2026-08-07 16:05:41] on_click (press): Button.left (run_enabled=False)
[2026-08-07 16:05:41] on_click (release): Button.left
[2026-08-07 16:05:41] on_click (press): Button.left (run_enabled=False)
[2026-08-07 16:05:41] on_click (release): Button.left
[2026-08-07 16:05:42] on_click (press): Button.left (run_enabled=False)
[2026-08-07 16:05:42] on_click (release): Button.left
[2026-08-07 16:06:00] on_click (press): Button.left (run_enabled=False)
[2026-08-07 16:06:00] on_click (release): Button.left
[2026-08-07 16:06:01] on_click (press): Button.left (run_enabled=False)
[2026-08-07 16:06:01] on_click (release): Button.left
[2026-08-07 16:06:03] on_click (press): Button.left (run_enabled=False)
[2026-08-07 16:06:03] on_click (release): Button.left
[2026-08-07 16:06:04] on_click (press): Button.left (run_enabled=False)
[2026-08-07 16:06:04] on_click (release): Button.left
[2026-08-07 16:06:05] on_click (press): Button.left (run_enabled=False)
[2026-08-07 16:06:05] on_click (release): Button.left
[2026-08-07 16:06:05] on_click (press): Button.left (run_enabled=False)
[2026-08-07 16:06:05] on_click (release): Button.left
[2026-08-07 16:06:06] on_click (press): Button.left (run_enabled=False)
[2026-08-07 16:06:06] on_click (release): Button.left
[2026-08-07 16:06:08] on_click (press): Button.left (run_enabled=False)
[2026-08-07 16:06:08] on_click (release): Button.left
[2026-08-07 16:06:09] on_click (press): Button.left (run_enabled=False)
[2026-08-07 16:06:09] on_click (release): Button.left
[2026-08-07 16:06:12] on_click (press): Button.left (run_enabled=False)
[2026-08-07 16:06:12] on_click (release): Button.left
[2026-08-07 16:06:13] on_click (press): Button.left (run_enabled=False)
[2026-08-07 16:06:13] on_click (release): Button.left
[2026-08-07 16:06:15] on_click (press): Button.left (run_enabled=False)
[2026-08-07 16:06:15] on_click (release): Button.left
[2026-08-07 16:06:17] on_click (press): Button.left (run_enabled=False)
[2026-08-07 16:06:17] on_click (release): Button.left
[2026-08-07 16:06:17] on_click (press): Button.left (run_enabled=False)
[2026-08-07 16:06:17] on_click (release): Button.left
[2026-08-07 16:06:17] on_click (press): Button.left (run_enabled=False)
[2026-08-07 16:06:17] on_click (release): Button.left
[2026-08-07 16:06:18] on_click (press): Button.left (run_enabled=False)
[2026-08-07 16:06:18] on_click (release): Button.left
[2026-08-07 16:06:18] on_press: Key.ctrl_l (run_enabled=False)
[2026-08-07 16:06:18] on_press: '\x03' (run_enabled=False)
[2026-08-07 16:06:18] on_release: '\x03'
[2026-08-07 16:06:18] on_release: Key.ctrl_l
[2026-08-07 16:06:19] on_click (press): Button.left (run_enabled=False)
[2026-08-07 16:06:19] on_click (release): Button.left
[2026-08-07 16:06:19] on_click (press): Button.left (run_enabled=False)
[2026-08-07 16:06:20] on_click (release): Button.left
[2026-08-07 16:06:20] on_click (press): Button.left (run_enabled=False)
[2026-08-07 16:06:20] on_click (release): Button.left
[2026-08-07 16:06:20] on_click (press): Button.left (run_enabled=False)
[2026-08-07 16:06:20] on_click (release): Button.left
[2026-08-07 16:06:21] on_click (press): Button.left (run_enabled=False)
[2026-08-07 16:06:21] on_click (release): Button.left
[2026-08-07 16:06:21] on_click (press): Button.left (run_enabled=False)
[2026-08-07 16:06:21] on_click (release): Button.left
[2026-08-07 16:06:22] on_click (press): Button.left (run_enabled=False)
[2026-08-07 16:06:22] on_click (release): Button.left
[2026-08-07 16:06:22] on_click (press): Button.left (run_enabled=False)
[2026-08-07 16:06:22] on_click (release): Button.left
[2026-08-07 16:06:22] on_click (press): Button.left (run_enabled=False)
[2026-08-07 16:06:22] on_click (release): Button.left
[2026-08-07 16:06:22] on_click (press): Button.left (run_enabled=False)
[2026-08-07 16:06:22] on_click (release): Button.left
[2026-08-07 16:06:22] on_click (press): Button.left (run_enabled=False)
[2026-08-07 16:06:22] on_click (release): Button.left
[2026-08-07 16:06:23] on_click (press): Button.left (run_enabled=False)
[2026-08-07 16:06:23] on_click (release): Button.left
[2026-08-07 16:06:23] on_click (press): Button.left (run_enabled=False)
[2026-08-07 16:06:23] on_click (release): Button.left
[2026-08-07 16:06:23] on_click (press): Button.left (run_enabled=False)
[2026-08-07 16:06:23] on_click (release): Button.left
[2026-08-07 16:06:24] on_click (press): Button.left (run_enabled=False)
[2026-08-07 16:06:24] on_click (release): Button.left
[2026-08-07 16:06:24] on_click (press): Button.right (run_enabled=False)
[2026-08-07 16:06:24] on_click (release): Button.right
[2026-08-07 16:06:26] on_click (press): Button.left (run_enabled=False)
[2026-08-07 16:06:26] on_click (release): Button.left
[2026-08-07 16:06:28] on_click (press): Button.left (run_enabled=False)
[2026-08-07 16:06:28] on_click (release): Button.left
[2026-08-07 16:06:36] on_click (press): Button.left (run_enabled=False)
[2026-08-07 16:06:36] on_click (release): Button.left
[2026-08-07 16:06:37] on_click (press): Button.left (run_enabled=False)
[2026-08-07 16:06:37] on_click (release): Button.left
[2026-08-07 16:06:38] on_press: Key.backspace (run_enabled=False)
[2026-08-07 16:06:38] on_release: Key.backspace
[2026-08-07 16:06:38] on_press: Key.backspace (run_enabled=False)
[2026-08-07 16:06:38] on_release: Key.backspace
[2026-08-07 16:06:39] on_press: 'o' (run_enabled=False)
[2026-08-07 16:06:39] on_release: 'o'
[2026-08-07 16:06:39] on_press: 'f' (run_enabled=False)
[2026-08-07 16:06:39] on_press: Key.backspace (run_enabled=False)
[2026-08-07 16:06:39] on_release: Key.backspace
[2026-08-07 16:06:39] on_press: 'ò' (run_enabled=False)
[2026-08-07 16:06:39] on_release: 'ò'
[2026-08-07 16:06:39] on_release: 'f'
[2026-08-07 16:06:39] on_press: 'f' (run_enabled=False)
[2026-08-07 16:06:39] on_press: Key.backspace (run_enabled=False)
[2026-08-07 16:06:39] on_release: Key.backspace
[2026-08-07 16:06:39] on_press: 'o' (run_enabled=False)
[2026-08-07 16:06:39] on_release: 'o'
[2026-08-07 16:06:39] on_press: 'f' (run_enabled=False)
[2026-08-07 16:06:39] on_release: 'f'
[2026-08-07 16:06:39] on_release: 'f'
[2026-08-07 16:06:40] on_press: 'f' (run_enabled=False)
[2026-08-07 16:06:40] on_release: 'f'
[2026-08-07 16:06:40] on_press: Key.ctrl_l (run_enabled=False)
[2026-08-07 16:06:40] on_press: '\x13' (run_enabled=False)
[2026-08-07 16:06:40] on_release: '\x13'
[2026-08-07 16:06:40] on_release: Key.ctrl_l
[2026-08-07 16:06:40] on_click (press): Button.left (run_enabled=False)
[2026-08-07 16:06:40] on_click (release): Button.left
[2026-08-07 16:06:43] on_click (press): Button.left (run_enabled=False)
[2026-08-07 16:06:43] on_click (release): Button.left
[2026-08-07 16:06:44] on_click (press): Button.left (run_enabled=False)
[2026-08-07 16:06:44] on_click (release): Button.left
[2026-08-07 16:06:45] on_click (press): Button.left (run_enabled=False)
[2026-08-07 16:06:45] on_click (release): Button.left
[2026-08-07 16:06:45] on_click (press): Button.left (run_enabled=False)
[2026-08-07 16:06:45] on_click (release): Button.left
[2026-08-07 16:06:45] on_click (press): Button.left (run_enabled=False)
[2026-08-07 16:06:45] on_click (release): Button.left
[2026-08-07 16:06:46] on_click (press): Button.left (run_enabled=False)
[2026-08-07 16:06:46] on_click (release): Button.left
[2026-08-07 16:06:46] on_click (press): Button.left (run_enabled=False)
[2026-08-07 16:06:46] on_click (release): Button.left
[2026-08-07 16:06:46] on_click (press): Button.left (run_enabled=False)
[2026-08-07 16:06:46] on_click (release): Button.left
[2026-08-07 16:06:47] on_click (press): Button.left (run_enabled=False)
[2026-08-07 16:06:47] on_click (release): Button.left
[2026-08-07 16:07:17] on_click (press): Button.left (run_enabled=False)
[2026-08-07 16:07:17] on_click (release): Button.left
[2026-08-07 16:07:17] on_click (press): Button.left (run_enabled=False)
[2026-08-07 16:07:17] on_click (release): Button.left
[2026-08-07 16:07:17] on_click (press): Button.left (run_enabled=False)
[2026-08-07 16:07:17] on_click (release): Button.left
[2026-08-07 16:07:17] on_click (press): Button.left (run_enabled=False)
[2026-08-07 16:07:17] on_click (release): Button.left
[2026-08-07 16:07:17] on_click (press): Button.left (run_enabled=False)
[2026-08-07 16:07:18] on_click (release): Button.left
[2026-08-07 16:07:19] on_press: Key.backspace (run_enabled=False)
[2026-08-07 16:07:19] on_release: Key.backspace
[2026-08-07 16:07:19] on_press: Key.backspace (run_enabled=False)
[2026-08-07 16:07:20] on_release: Key.backspace
[2026-08-07 16:07:20] on_press: Key.backspace (run_enabled=False)
[2026-08-07 16:07:20] on_release: Key.backspace
[2026-08-07 16:07:20] on_press: Key.backspace (run_enabled=False)
[2026-08-07 16:07:20] on_release: Key.backspace
[2026-08-07 16:07:20] on_press: Key.backspace (run_enabled=False)
[2026-08-07 16:07:20] on_release: Key.backspace
[2026-08-07 16:07:22] on_click (press): Button.left (run_enabled=False)
[2026-08-07 16:07:23] on_click (release): Button.left
[2026-08-07 16:07:23] on_press: Key.backspace (run_enabled=False)
[2026-08-07 16:07:23] on_release: Key.backspace
[2026-08-07 16:07:23] on_press: Key.backspace (run_enabled=False)
[2026-08-07 16:07:23] on_release: Key.backspace
[2026-08-07 16:07:26] on_press: Key.backspace (run_enabled=False)
[2026-08-07 16:07:26] on_release: Key.backspace
[2026-08-07 16:07:27] on_click (press): Button.left (run_enabled=False)
[2026-08-07 16:07:27] on_click (release): Button.left
[2026-08-07 16:07:27] on_click (press): Button.left (run_enabled=False)
[2026-08-07 16:07:27] on_click (release): Button.left
[2026-08-07 16:07:29] on_press: 's' (run_enabled=False)
[2026-08-07 16:07:29] on_release: 's'
[2026-08-07 16:07:29] on_press: 't' (run_enabled=False)
[2026-08-07 16:07:29] on_release: 't'
[2026-08-07 16:07:29] on_press: 'a' (run_enabled=False)
[2026-08-07 16:07:29] on_press: 'r' (run_enabled=False)
[2026-08-07 16:07:29] on_release: 'a'
[2026-08-07 16:07:29] on_release: 'r'
[2026-08-07 16:07:30] on_press: 't' (run_enabled=False)
[2026-08-07 16:07:30] on_release: 't'
[2026-08-07 16:07:30] on_press: Key.space (run_enabled=False)
[2026-08-07 16:07:30] on_release: Key.space
[2026-08-07 16:07:31] on_click (press): Button.left (run_enabled=False)
[2026-08-07 16:07:31] on_click (release): Button.left
[2026-08-07 16:07:31] on_press: Key.ctrl_l (run_enabled=False)
[2026-08-07 16:07:31] on_press: '\x13' (run_enabled=False)
[2026-08-07 16:07:31] on_release: '\x13'
[2026-08-07 16:07:31] on_release: Key.ctrl_l
[2026-08-07 16:07:34] on_click (press): Button.left (run_enabled=False)
[2026-08-07 16:07:34] on_click (release): Button.left
[2026-08-07 16:07:34] on_click (press): Button.left (run_enabled=False)
[2026-08-07 16:07:34] on_click (release): Button.left
[2026-08-07 16:07:46] on_click (press): Button.left (run_enabled=False)
[2026-08-07 16:07:46] on_click (release): Button.left
[2026-08-07 16:07:47] on_click (press): Button.left (run_enabled=False)
[2026-08-07 16:07:47] on_click (release): Button.left
[2026-08-07 16:07:47] on_click (press): Button.left (run_enabled=False)
[2026-08-07 16:07:47] on_click (release): Button.left
[2026-08-07 16:07:52] on_press: Key.space (run_enabled=False)
[2026-08-07 16:07:52] on_release: Key.space
[2026-08-07 16:07:55] on_press: Key.space (run_enabled=False)
[2026-08-07 16:07:55] on_release: Key.space
[2026-08-07 16:08:08] on_click (press): Button.left (run_enabled=False)
[2026-08-07 16:08:08] on_click (release): Button.left
[2026-08-07 16:08:09] on_click (press): Button.left (run_enabled=False)
[2026-08-07 16:08:10] on_click (release): Button.left
[2026-08-07 16:08:15] on_click (press): Button.left (run_enabled=False)
[2026-08-07 16:08:16] on_click (release): Button.left
[2026-08-07 16:08:16] on_click (press): Button.left (run_enabled=False)
[2026-08-07 16:08:16] on_click (release): Button.left
[2026-08-07 16:08:17] on_click (press): Button.left (run_enabled=False)
[2026-08-07 16:08:17] on_click (release): Button.left
[2026-08-07 16:08:18] on_click (press): Button.left (run_enabled=False)
[2026-08-07 16:08:18] on_click (release): Button.left
[2026-08-07 16:08:19] on_click (press): Button.left (run_enabled=False)
[2026-08-07 16:08:20] on_click (release): Button.left
[2026-08-07 16:08:20] on_click (press): Button.left (run_enabled=False)
[2026-08-07 16:08:20] on_click (release): Button.left
[2026-08-07 16:08:21] on_click (press): Button.left (run_enabled=False)
[2026-08-07 16:08:21] on_click (release): Button.left
[2026-08-07 16:17:01] apply_all_bindings called with: {}
[2026-08-07 16:17:02] on_click (press): Button.left (run_enabled=False)
[2026-08-07 16:17:04] on_click (release): Button.left
[2026-08-07 16:17:05] on_click (press): Button.left (run_enabled=False)
[2026-08-07 16:17:05] on_click (release): Button.left
[2026-08-07 16:17:05] on_click (press): Button.left (run_enabled=False)
[2026-08-07 16:17:05] on_click (release): Button.left
[2026-08-07 16:17:06] on_click (press): Button.left (run_enabled=False)
[2026-08-07 16:17:06] on_click (release): Button.left
[2026-08-07 16:17:07] on_click (press): Button.left (run_enabled=False)
[2026-08-07 16:17:07] on_click (release): Button.left
[2026-08-07 16:17:08] on_click (press): Button.left (run_enabled=False)
[2026-08-07 16:17:08] on_click (release): Button.left
[2026-08-07 16:17:10] on_click (press): Button.left (run_enabled=False)
[2026-08-07 16:17:10] on_click (release): Button.left
[2026-08-07 16:17:12] on_click (press): Button.left (run_enabled=False)
[2026-08-07 16:17:13] on_click (release): Button.left
[2026-08-07 16:17:27] on_click (press): Button.left (run_enabled=False)
[2026-08-07 16:17:27] on_click (release): Button.left
[2026-08-07 16:17:30] on_click (press): Button.left (run_enabled=False)
[2026-08-07 16:17:30] on_click (release): Button.left
[2026-08-07 16:17:35] on_click (press): Button.left (run_enabled=False)
[2026-08-07 16:17:35] on_click (release): Button.left
[2026-08-07 16:17:36] on_click (press): Button.left (run_enabled=False)
[2026-08-07 16:17:36] on_click (release): Button.left
